name,price,styles,skill_fit,weight_oz,handle_length,thickness_mm,power,control,spin,forgiveness,notes,image_url,buy_url,image_search_url,source_url,source_note,handle_category,weight_category,price_category,image_note
Honolulu J2CR Crystal Blue 16mm,195.0,all-court|spin|control,intermediate|advanced,8.05,5.5,16,8,9,10,9,"Popular 2026 overall pick with strong spin, long-lasting grit, and broad all-court appeal.",https://808pickle.com/cdn/shop/files/J2CR_CBES_W_edit_7c7aff07-5a92-4d77-9f92-a6e746760310_300x.png?v=1780272814,https://808pickle.com/products/j2cr-crystal-blue-endurance-surface%E2%84%A2-pre-order,https://www.google.com/search?tbm=isch&q=Honolulu+J2CR+Crystal+Blue+16mm+pickleball+paddle+product+photo,https://www.pickleheads.com/pickleball-gear/pickleball-paddles,Listed as best overall in Pickleheads June 2026 update; exact scores normalized for project use.,standard,medium,mid-range,real product or product-family image URL
Honolulu J2FC+ LH 16mm,195.0,all-court|doubles|control,intermediate|advanced,7.99,6.0,16,8,8,8,9,Long-handle all-court foam paddle with a very forgiving sweet spot.,https://808pickle.com/cdn/shop/files/J2CR_CBES_W_edit_7c7aff07-5a92-4d77-9f92-a6e746760310_300x.png?v=1780272814,https://808pickle.com/search?q=Honolulu+J2FC%2B+LH+16mm,https://www.google.com/search?tbm=isch&q=Honolulu+J2FC%2B+LH+16mm+pickleball+paddle+product+photo,https://pickleballstudio.com/best/best-all-court-pickleball-paddles,Specs from Pickleball Studio all-court list; trait scores normalized.,long,medium,mid-range,real product or product-family image URL
Honolulu J2FC+ SH 16mm,195.0,all-court|doubles|control,intermediate|advanced,7.95,5.5,16,8,8,8,9,Shorter-handle version of the J2FC+ for players who want maneuverability and forgiveness.,https://808pickle.com/cdn/shop/files/J2CR_CBES_W_edit_7c7aff07-5a92-4d77-9f92-a6e746760310_300x.png?v=1780272814,https://808pickle.com/search?q=Honolulu+J2FC%2B+SH+16mm,https://www.google.com/search?tbm=isch&q=Honolulu+J2FC%2B+SH+16mm+pickleball+paddle+product+photo,https://pickleballstudio.com/best/best-all-court-pickleball-paddles,Based on Pickleball Studio J2FC+ listing; specs are approximate for short-handle version.,standard,medium,mid-range,real product or product-family image URL
Six Zero Coral Elongated 16mm,200.0,all-court|singles|control,intermediate|advanced,7.94,5.75,16,8,9,8,8,Dense soft-feeling full foam all-court paddle with reach and good control.,https://us.sixzeropickleball.com/cdn/shop/files/CoralACPOTYBadgesProductImage.png?v=1769726762&width=1080,https://us.sixzeropickleball.com/products/coral-16mm,https://www.google.com/search?tbm=isch&q=Six+Zero+Coral+Elongated+16mm+pickleball+paddle+product+photo,https://pickleballstudio.com/best/best-all-court-pickleball-paddles,Specs from Pickleball Studio all-court list; trait scores normalized.,long,medium,mid-range,real product or product-family image URL
Six Zero Coral Hybrid 16mm,200.0,all-court|doubles|control,intermediate|advanced,8.18,5.5,16,8,9,8,8,Hybrid full foam all-court paddle with strong stability and balanced performance.,https://us.sixzeropickleball.com/cdn/shop/files/CoralACPOTYBadgesProductImage.png?v=1769726762&width=1080,https://us.sixzeropickleball.com/products/coral-16mm,https://www.google.com/search?tbm=isch&q=Six+Zero+Coral+Hybrid+16mm+pickleball+paddle+product+photo,https://pickleballstudio.com/best/best-all-court-pickleball-paddles,Specs from Pickleball Studio all-court list; trait scores normalized.,standard,heavy,mid-range,real product or product-family image URL
Six Zero Coral Widebody 16mm,200.0,all-court|doubles|control,beginner|intermediate|advanced,8.24,5.5,16,7,9,8,10,Widebody full foam option for players who want maximum forgiveness and stability.,https://us.sixzeropickleball.com/cdn/shop/files/CoralACPOTYBadgesProductImage.png?v=1769726762&width=1080,https://us.sixzeropickleball.com/products/coral-16mm,https://www.google.com/search?tbm=isch&q=Six+Zero+Coral+Widebody+16mm+pickleball+paddle+product+photo,https://pickleballstudio.com/best/best-all-court-pickleball-paddles,Specs from Pickleball Studio all-court list; trait scores normalized.,standard,heavy,mid-range,real product or product-family image URL
Six Zero Ruby Pro 14mm,225.0,control|spin|all-court,intermediate|advanced,8.0,5.5,14,7,9,10,8,"Control-focused paddle known for plush feel, spin, soft resets, and controlled offense.",https://us.sixzeropickleball.com/cdn/shop/files/RubyProIOTYBadgeProductImage.png?v=1769726818&width=1080,https://us.sixzeropickleball.com/products/ruby-pro-14mm,https://www.google.com/search?tbm=isch&q=Six+Zero+Ruby+Pro+14mm+pickleball+paddle+product+photo,https://pickleball.com/learn/best-pickleball-paddles-2026-choosing-the-right-one-for-you,"Included in 2026 control paddle guide; specs approximate, scores normalized.",standard,medium,premium,real product or product-family image URL
Six Zero Double Black Diamond Control 16mm,180.0,all-court|control|spin,intermediate|advanced,8.1,5.5,16,8,9,9,8,Classic all-court/control paddle with strong spin and a balanced feel.,https://us.sixzeropickleball.com/cdn/shop/files/Double-Black-Diamond-Control-Six-Zero-417078833.png?v=1747012971&width=1080,https://us.sixzeropickleball.com/products/double-black-diamond,https://www.google.com/search?tbm=isch&q=Six+Zero+Double+Black+Diamond+Control+16mm+pickleball+paddle+product+photo,https://us.sixzeropickleball.com/products/double-black-diamond,Brand/spec reference; scores normalized for recommender.,standard,medium,mid-range,real product or product-family image URL
Six Zero Black Opal 16mm,199.0,all-court|spin|control,intermediate|advanced,8.0,5.5,16,8,8,9,8,Balanced modern all-court option referenced as a good intermediate choice.,https://us.sixzeropickleball.com/cdn/shop/files/BLACKOPAL_FRONTALUSAP.png?v=1769726790&width=1080,https://us.sixzeropickleball.com/products/black-opal-14mm,https://www.google.com/search?tbm=isch&q=Six+Zero+Black+Opal+16mm+pickleball+paddle+product+photo,https://pickleball.com/learn/best-pickleball-paddles-2026-choosing-the-right-one-for-you,"Mentioned in current skill-level guide; specs approximate, scores normalized.",standard,medium,mid-range,real product or product-family image URL
Vatic Pro Saga Bloom 16mm,99.99,all-court|budget|doubles,beginner|intermediate,8.03,5.6,16,7,8,9,9,Budget widebody all-court option with high twist weight and strong spin.,https://vaticpro.com/cdn/shop/files/DSC03090.jpg?v=1777835695,https://vaticpro.com/products/saga,https://www.google.com/search?tbm=isch&q=Vatic+Pro+Saga+Bloom+16mm+pickleball+paddle+product+photo,https://pickleballstudio.com/best/best-all-court-pickleball-paddles,Specs from Pickleball Studio all-court list; trait scores normalized.,long,medium,budget,real product or product-family image URL
Vatic Pro Saga Flash SH 16mm,99.99,all-court|budget|doubles,beginner|intermediate,8.03,5.3,16,7,8,8,8,Affordable hybrid all-court paddle with shorter handle and balanced play.,https://vaticpro.com/cdn/shop/files/DSC03090.jpg?v=1777835695,https://vaticpro.com/products/saga,https://www.google.com/search?tbm=isch&q=Vatic+Pro+Saga+Flash+SH+16mm+pickleball+paddle+product+photo,https://pickleballstudio.com/best/best-all-court-pickleball-paddles,Specs from Pickleball Studio all-court list; trait scores normalized.,short,medium,budget,real product or product-family image URL
Vatic Pro Saga Flash LH 16mm,99.99,all-court|budget|singles,beginner|intermediate,8.12,5.5,16,8,8,8,8,Budget long-handle hybrid option for players who want reach and two-handed backhands.,https://vaticpro.com/cdn/shop/files/DSC03090.jpg?v=1777835695,https://vaticpro.com/products/saga,https://www.google.com/search?tbm=isch&q=Vatic+Pro+Saga+Flash+LH+16mm+pickleball+paddle+product+photo,https://pickleballstudio.com/best/best-all-court-pickleball-paddles,Specs from Pickleball Studio all-court list; trait scores normalized.,standard,medium,budget,real product or product-family image URL
Vatic Pro Saga v7 SH 16mm,99.99,all-court|budget|singles,beginner|intermediate,8.09,5.3,16,8,8,8,8,Elongated budget all-court paddle with reach and controlled power.,https://vaticpro.com/cdn/shop/files/DSC03090.jpg?v=1777835695,https://vaticpro.com/products/saga,https://www.google.com/search?tbm=isch&q=Vatic+Pro+Saga+v7+SH+16mm+pickleball+paddle+product+photo,https://pickleballstudio.com/best/best-all-court-pickleball-paddles,Specs from Pickleball Studio all-court list; trait scores normalized.,short,medium,budget,real product or product-family image URL
Vatic Pro Prism Bloom 16mm,99.99,control|budget|doubles,beginner|intermediate,7.96,5.6,16,6,9,8,9,Budget control widebody with a large sweet spot and high stability.,https://vaticpro.com/cdn/shop/files/DSC03090.jpg?v=1777835695,https://vaticpro.com/products/prism,https://www.google.com/search?tbm=isch&q=Vatic+Pro+Prism+Bloom+16mm+pickleball+paddle+product+photo,https://pickleballstudio.com/best/best-control-paddles,Specs from Pickleball Studio control list; trait scores normalized.,long,medium,budget,real product or product-family image URL
Vatic Pro Prism Flash 16mm,99.99,control|budget|spin,beginner|intermediate,8.0,5.4,16,6,9,8,8,Very popular budget control paddle that is friendly for new and intermediate players.,https://vaticpro.com/cdn/shop/files/DSC03090.jpg?v=1777835695,https://vaticpro.com/products/prism,https://www.google.com/search?tbm=isch&q=Vatic+Pro+Prism+Flash+16mm+pickleball+paddle+product+photo,https://pickleballstudio.com/best/best-control-paddles,Specs from Pickleball Studio control list; trait scores normalized.,standard,medium,budget,real product or product-family image URL
Vatic Pro Prism Flash 16mm LH,99.99,control|budget|singles,beginner|intermediate,8.17,5.4,16,6,9,8,8,Longer-feeling control option for players who like the Prism Flash but want more leverage.,https://vaticpro.com/cdn/shop/files/DSC03090.jpg?v=1777835695,https://vaticpro.com/products/prism,https://www.google.com/search?tbm=isch&q=Vatic+Pro+Prism+Flash+16mm+LH+pickleball+paddle+product+photo,https://pickleballstudio.com/best/best-control-paddles,Specs from Pickleball Studio control list; trait scores normalized.,standard,heavy,budget,real product or product-family image URL
Vatic Pro Prism v7 16mm,99.99,control|budget|singles,beginner|intermediate,8.1,5.4,16,6,9,8,8,"Elongated control paddle with reach, spin, and a softer power profile.",https://vaticpro.com/cdn/shop/files/DSC03090.jpg?v=1777835695,https://vaticpro.com/products/prism,https://www.google.com/search?tbm=isch&q=Vatic+Pro+Prism+v7+16mm+pickleball+paddle+product+photo,https://pickleballstudio.com/best/best-control-paddles,Specs from Pickleball Studio control list; trait scores normalized.,standard,medium,budget,real product or product-family image URL
Vatic Pro Saga Long Handle,99.99,power|budget|singles,intermediate|advanced,8.05,5.6,16,8,7,8,8,Budget power/all-court paddle with long handle appeal.,https://vaticpro.com/cdn/shop/files/DSC03090.jpg?v=1777835695,https://vaticpro.com/products/saga,https://www.google.com/search?tbm=isch&q=Vatic+Pro+Saga+Long+Handle+pickleball+paddle+product+photo,https://pickleball.com/learn/best-pickleball-paddles-2026-choosing-the-right-one-for-you,"Included as budget power paddle; specs approximate, scores normalized.",long,medium,budget,real product or product-family image URL
11SIX24 Jelly Bean Pegasus 16mm,99.99,control|budget|doubles,beginner|intermediate,8.24,5.75,16,6,9,8,10,Beginner-friendly widebody control paddle with a big sweet spot.,https://11six24.com/cdn/shop/files/C0697.00_42_46_08.Still005_1.png?v=1770897551&width=1080,https://11six24.com/search?q=11SIX24+Jelly+Bean+Pegasus+16mm,https://www.google.com/search?tbm=isch&q=11SIX24+Jelly+Bean+Pegasus+16mm+pickleball+paddle+product+photo,https://pickleballstudio.com/best/best-control-paddles,Specs from Pickleball Studio control list; also beginner-friendly in Pickleheads guide.,long,heavy,budget,real product or product-family image URL
11SIX24 Jelly Bean Vapor 16mm,99.99,control|budget|doubles,beginner|intermediate,8.02,5.75,16,7,8,8,8,Hybrid control paddle with a bit more pop than pillow-soft control paddles.,https://11six24.com/cdn/shop/files/C0697.00_42_46_08.Still005_1.png?v=1770897551&width=1080,https://11six24.com/search?q=11SIX24+Jelly+Bean+Vapor+16mm,https://www.google.com/search?tbm=isch&q=11SIX24+Jelly+Bean+Vapor+16mm+pickleball+paddle+product+photo,https://pickleballstudio.com/best/best-control-paddles,Specs from Pickleball Studio control list; trait scores normalized.,long,medium,budget,real product or product-family image URL
11SIX24 Jelly Bean Hurache-X 16mm,99.99,control|budget|singles,beginner|intermediate,7.93,6.0,16,7,8,8,8,Elongated budget control paddle with a 6 inch handle.,https://11six24.com/cdn/shop/files/C0697.00_42_46_08.Still005_1.png?v=1770897551&width=1080,https://11six24.com/search?q=11SIX24+Jelly+Bean+Hurache-X+16mm,https://www.google.com/search?tbm=isch&q=11SIX24+Jelly+Bean+Hurache-X+16mm+pickleball+paddle+product+photo,https://pickleballstudio.com/best/best-control-paddles,Specs from Pickleball Studio control list; trait scores normalized.,long,medium,budget,real product or product-family image URL
11SIX24 Pegasus Power2,209.99,power|doubles|spin,intermediate|advanced,8.0,5.5,16,9,7,9,9,"Widebody power paddle with high stability, high spin, and fast hands.",https://11six24.com/cdn/shop/files/C0697.00_42_46_08.Still005_1.png?v=1770897551&width=1080,https://11six24.com/pages/power-2,https://www.google.com/search?tbm=isch&q=11SIX24+Pegasus+Power2+pickleball+paddle+product+photo,https://pickleballstudio.com/best/best-power-pickleball-paddles,Specs from Pickleball Studio power list; trait scores normalized.,standard,medium,mid-range,real product or product-family image URL
11SIX24 Vapor Power2,209.99,power|all-court|spin,intermediate|advanced,7.97,5.5,16,9,7,9,8,Hybrid power paddle with strong spin and durable power-paddle appeal.,https://11six24.com/cdn/shop/files/C0697.00_42_46_08.Still005_1.png?v=1770897551&width=1080,https://11six24.com/pages/power-2,https://www.google.com/search?tbm=isch&q=11SIX24+Vapor+Power2+pickleball+paddle+product+photo,https://pickleballstudio.com/best/best-power-pickleball-paddles,Specs from Pickleball Studio power list; trait scores normalized.,standard,medium,mid-range,real product or product-family image URL
11SIX24 Hurache-X Power2,209.99,power|singles|spin,intermediate|advanced,8.02,5.75,16,9,7,8,7,"Elongated power paddle for reach, drives, and aggressive players.",https://11six24.com/cdn/shop/files/C0697.00_42_46_08.Still005_1.png?v=1770897551&width=1080,https://11six24.com/pages/power-2,https://www.google.com/search?tbm=isch&q=11SIX24+Hurache-X+Power2+pickleball+paddle+product+photo,https://pickleballstudio.com/best/best-power-pickleball-paddles,Specs from Pickleball Studio power list; trait scores normalized.,long,medium,mid-range,real product or product-family image URL
Bread & Butter Loco Hybrid,199.0,power|all-court|spin,intermediate|advanced,7.93,5.3,16,9,8,9,8,Power/all-court hybrid with high spin and good maneuverability.,https://www.bnbpickleball.com/cdn/shop/files/hybrid_725f27f6-4168-4b7c-a52b-d2424895a1d1.jpg?v=1763482142,https://www.bnbpickleball.com/collections/loco/products/loco-16mm-pickleball-paddle-hybrid,https://www.google.com/search?tbm=isch&q=Bread+%26+Butter+Loco+Hybrid+pickleball+paddle+product+photo,https://pickleballstudio.com/best/best-power-pickleball-paddles,Specs from Pickleball Studio power list; trait scores normalized.,short,medium,mid-range,real product or product-family image URL
Bread & Butter Loco Elongated,199.0,power|singles|spin,intermediate|advanced,8.11,5.5,16,9,7,9,7,"Elongated Loco for more reach and power, with high spin.",https://www.bnbpickleball.com/cdn/shop/files/hybrid_725f27f6-4168-4b7c-a52b-d2424895a1d1.jpg?v=1763482142,https://www.bnbpickleball.com/collections/loco/products/loco-16mm-pickleball-paddle-elongated,https://www.google.com/search?tbm=isch&q=Bread+%26+Butter+Loco+Elongated+pickleball+paddle+product+photo,https://pickleballstudio.com/best/best-power-pickleball-paddles,Specs from Pickleball Studio power list; trait scores normalized.,standard,medium,mid-range,real product or product-family image URL
Spartus P1 Hybrid,219.0,power|all-court|spin,intermediate|advanced,8.12,5.3,16,9,7,8,8,Power-leaning hybrid with above-average stability and modern face tech.,https://www.paddletek.com/cdn/shop/files/Paddletek_Bantam_TKO-C_Ocean_12.7_Front.png?v=1770072518&width=1200,https://gospartus.com/search?q=Spartus+P1+Hybrid,https://www.google.com/search?tbm=isch&q=Spartus+P1+Hybrid+pickleball+paddle+product+photo,https://pickleballstudio.com/best/best-power-pickleball-paddles,Specs from Pickleball Studio power list; trait scores normalized.,short,medium,mid-range,representative paddle image URL; replace with exact product image when available
Enhance EPP Turbo Elongated,119.99,power|budget|singles,intermediate|advanced,8.01,5.7,16,9,6,8,7,Budget-friendly elongated foam power paddle with long handle.,https://www.paddletek.com/cdn/shop/files/Paddletek_Bantam_TKO-C_Ocean_12.7_Front.png?v=1770072518&width=1200,https://enhancepickleball.com/search?q=Enhance+EPP+Turbo+Elongated,https://www.google.com/search?tbm=isch&q=Enhance+EPP+Turbo+Elongated+pickleball+paddle+product+photo,https://pickleballstudio.com/best/best-power-pickleball-paddles,Specs from Pickleball Studio power list; trait scores normalized.,long,medium,budget,representative paddle image URL; replace with exact product image when available
Enhance EPP Turbo Hybrid,119.99,power|budget|all-court,intermediate|advanced,8.02,5.9,16,9,7,8,8,Affordable hybrid foam power paddle with strong stability.,https://www.paddletek.com/cdn/shop/files/Paddletek_Bantam_TKO-C_Ocean_12.7_Front.png?v=1770072518&width=1200,https://enhancepickleball.com/search?q=Enhance+EPP+Turbo+Hybrid,https://www.google.com/search?tbm=isch&q=Enhance+EPP+Turbo+Hybrid+pickleball+paddle+product+photo,https://pickleballstudio.com/best/best-power-pickleball-paddles,Specs from Pickleball Studio power list; trait scores normalized.,long,medium,budget,representative paddle image URL; replace with exact product image when available
Enhance EPP Turbo Widebody,119.99,power|budget|doubles,beginner|intermediate|advanced,8.07,5.3,16,8,7,8,10,Fast widebody power option with high forgiveness for its category.,https://www.paddletek.com/cdn/shop/files/Paddletek_Bantam_TKO-C_Ocean_12.7_Front.png?v=1770072518&width=1200,https://enhancepickleball.com/search?q=Enhance+EPP+Turbo+Widebody,https://www.google.com/search?tbm=isch&q=Enhance+EPP+Turbo+Widebody+pickleball+paddle+product+photo,https://pickleballstudio.com/best/best-power-pickleball-paddles,Specs from Pickleball Studio power list; trait scores normalized.,short,medium,budget,representative paddle image URL; replace with exact product image when available
Enhance MPP Turbo Elongated,119.99,power|budget|singles,intermediate|advanced,8.06,5.5,16,9,6,8,7,Budget power paddle with elongated reach and above-average spin.,https://www.paddletek.com/cdn/shop/files/Paddletek_Bantam_TKO-C_Ocean_12.7_Front.png?v=1770072518&width=1200,https://enhancepickleball.com/search?q=Enhance+MPP+Turbo+Elongated,https://www.google.com/search?tbm=isch&q=Enhance+MPP+Turbo+Elongated+pickleball+paddle+product+photo,https://pickleballstudio.com/best/best-power-pickleball-paddles,Specs from Pickleball Studio power list; trait scores normalized.,standard,medium,budget,representative paddle image URL; replace with exact product image when available
RPM Q2 16mm Elongated,249.99,power|singles|spin,advanced,7.8,5.5,16,9,7,9,6,Elongated power/spin paddle for advanced players who can control a smaller sweet spot.,https://www.paddletek.com/cdn/shop/files/Paddletek_Bantam_TKO-C_Ocean_12.7_Front.png?v=1770072518&width=1200,https://rpmpickleball.com/search?q=RPM+Q2+16mm+Elongated,https://www.google.com/search?tbm=isch&q=RPM+Q2+16mm+Elongated+pickleball+paddle+product+photo,https://pickleballstudio.com/best/best-power-pickleball-paddles,Specs from Pickleball Studio power list; trait scores normalized.,standard,light,premium,representative paddle image URL; replace with exact product image when available
RPM Q2 16mm Widebody,249.99,power|doubles|spin,intermediate|advanced,7.83,5.5,16,8,7,8,9,Widebody power option with better forgiveness and fast hands.,https://www.paddletek.com/cdn/shop/files/Paddletek_Bantam_TKO-C_Ocean_12.7_Front.png?v=1770072518&width=1200,https://rpmpickleball.com/search?q=RPM+Q2+16mm+Widebody,https://www.google.com/search?tbm=isch&q=RPM+Q2+16mm+Widebody+pickleball+paddle+product+photo,https://pickleballstudio.com/best/best-power-pickleball-paddles,Specs from Pickleball Studio power list; trait scores normalized.,standard,light,premium,representative paddle image URL; replace with exact product image when available
RPM Q2 14mm Elongated,249.99,power|singles|spin,advanced,7.7,5.5,14,10,6,9,6,"Thinner elongated version for extra pop, speed, and spin.",https://www.paddletek.com/cdn/shop/files/Paddletek_Bantam_TKO-C_Ocean_12.7_Front.png?v=1770072518&width=1200,https://rpmpickleball.com/search?q=RPM+Q2+14mm+Elongated,https://www.google.com/search?tbm=isch&q=RPM+Q2+14mm+Elongated+pickleball+paddle+product+photo,https://pickleballstudio.com/best/best-power-pickleball-paddles,Specs from Pickleball Studio power list; trait scores normalized.,standard,light,premium,representative paddle image URL; replace with exact product image when available
RPM Q2 14mm Widebody,249.99,power|doubles|spin,intermediate|advanced,7.69,5.5,14,9,6,9,9,Fast widebody 14mm power paddle with high spin and good forgiveness.,https://www.paddletek.com/cdn/shop/files/Paddletek_Bantam_TKO-C_Ocean_12.7_Front.png?v=1770072518&width=1200,https://rpmpickleball.com/search?q=RPM+Q2+14mm+Widebody,https://www.google.com/search?tbm=isch&q=RPM+Q2+14mm+Widebody+pickleball+paddle+product+photo,https://pickleballstudio.com/best/best-power-pickleball-paddles,Specs from Pickleball Studio power list; trait scores normalized.,standard,light,premium,representative paddle image URL; replace with exact product image when available
Franklin C45 Series 16mm,229.99,all-court|spin|control,intermediate|advanced,7.9,5.6,16,8,8,9,8,"Crisp, lively, tunable all-court paddle with multiple shape/thickness options.",https://www.paddletek.com/cdn/shop/files/Paddletek_Bantam_TKO-C_Ocean_12.7_Front.png?v=1770072518&width=1200,https://franklinsports.com/search?q=Franklin+C45+Series+16mm,https://www.google.com/search?tbm=isch&q=Franklin+C45+Series+16mm+pickleball+paddle+product+photo,https://pickleballeffect.com/hot-list/,"Included in Pickleball Effect 2026 all-court list; specs approximate, scores normalized.",long,medium,premium,representative paddle image URL; replace with exact product image when available
Franklin Aurelius 16mm,229.0,control|doubles|spin,intermediate|advanced,7.7,5.6,16,7,9,8,7,Very light control paddle that benefits from added weight for stability.,https://www.paddletek.com/cdn/shop/files/Paddletek_Bantam_TKO-C_Ocean_12.7_Front.png?v=1770072518&width=1200,https://franklinsports.com/search?q=Franklin+Aurelius+16mm,https://www.google.com/search?tbm=isch&q=Franklin+Aurelius+16mm+pickleball+paddle+product+photo,https://pickleballstudio.com/best/best-control-paddles,"From Pickleball Studio control list; specs approximate from source discussion, scores normalized.",long,light,premium,representative paddle image URL; replace with exact product image when available
Franklin C45 Tempo 16mm,229.99,control|doubles|all-court,intermediate|advanced,7.9,5.5,16,7,9,8,8,"Patient control/all-court paddle for resets, drops, and transition-zone consistency.",https://www.paddletek.com/cdn/shop/files/Paddletek_Bantam_TKO-C_Ocean_12.7_Front.png?v=1770072518&width=1200,https://franklinsports.com/search?q=Franklin+C45+Tempo+16mm,https://www.google.com/search?tbm=isch&q=Franklin+C45+Tempo+16mm+pickleball+paddle+product+photo,https://thekitchenpickle.com/blogs/gear/best-control-pickleball-paddles/,"Included in 2026 control paddle discussion; specs approximate, scores normalized.",standard,medium,premium,representative paddle image URL; replace with exact product image when available
Selkirk LABS Project Boomstik Elongated 16mm,333.0,power|singles|spin,advanced,8.1,5.6,16,10,6,9,9,Hyped foam-core power paddle with explosive power and a forgiving sweet spot.,https://www.selkirk.com/cdn/shop/files/pdp_image-PDP-LUXX-Infinigrit-Control-Air-Epic_Red_02copy.jpg?v=1761255947&width=600,https://www.selkirk.com/search?q=Selkirk+LABS+Project+Boomstik+Elongated+16mm,https://www.google.com/search?tbm=isch&q=Selkirk+LABS+Project+Boomstik+Elongated+16mm+pickleball+paddle+product+photo,https://pickleball.com/learn/best-pickleball-paddles-2026-choosing-the-right-one-for-you,"Included as discussed/hyped foam-core paddle; specs approximate, scores normalized.",long,medium,premium,real product or product-family image URL
Selkirk LUXX Control Air Invikta,249.99,control|doubles|spin,beginner|intermediate|advanced,8.1,5.35,19,6,10,9,9,"Control-first paddle for soft game, resets, dinks, and placement.",https://www.selkirk.com/cdn/shop/files/pdp_image-PDP-LUXX-Infinigrit-Control-Air-Epic_Red_02copy.jpg?v=1761255947&width=600,https://www.selkirk.com/products/luxx-control-air-with-infinigrit,https://www.google.com/search?tbm=isch&q=Selkirk+LUXX+Control+Air+Invikta+pickleball+paddle+product+photo,https://www.pickleheads.com/pickleball-gear/pickleball-paddles,"Popular control paddle; specs approximate, scores normalized.",standard,medium,premium,real product or product-family image URL
Selkirk Omni Widebody 16mm,250.0,all-court|control|doubles,beginner|intermediate|advanced,8.0,5.25,16,8,9,8,10,Widebody high-forgiveness paddle mentioned among top tested 2026 paddles.,https://www.selkirk.com/cdn/shop/files/pdp_image-PDP-LUXX-Infinigrit-Control-Air-Epic_Red_02copy.jpg?v=1761255947&width=600,https://www.selkirk.com/search?q=Selkirk+Omni+Widebody+16mm,https://www.google.com/search?tbm=isch&q=Selkirk+Omni+Widebody+16mm+pickleball+paddle+product+photo,https://www.mattspickleball.com/best-pickleball-paddles,"Listed in 2026 tested-picks search result; specs approximate, scores normalized.",short,medium,premium,real product or product-family image URL
Selkirk Omni 16mm,250.0,all-court|control|spin,intermediate|advanced,8.0,5.5,16,8,9,8,9,All-court Selkirk option mentioned among top tested 2026 paddles.,https://www.selkirk.com/cdn/shop/files/pdp_image-PDP-LUXX-Infinigrit-Control-Air-Epic_Red_02copy.jpg?v=1761255947&width=600,https://www.selkirk.com/search?q=Selkirk+Omni+16mm,https://www.google.com/search?tbm=isch&q=Selkirk+Omni+16mm+pickleball+paddle+product+photo,https://www.mattspickleball.com/best-pickleball-paddles,"Listed in 2026 tested-picks search result; specs approximate, scores normalized.",standard,medium,premium,real product or product-family image URL
JOOLA Pro V Perseus 16mm,299.95,power|all-court|spin,intermediate|advanced,8.1,5.5,16,9,9,10,9,"Premium all-court power paddle with strong power, control, spin, and forgiveness.",https://joola.com/cdn/shop/files/JOOLA_WBG_2025_ProIV_Perseus-Perseus16mm-06.jpg?v=1766513679&width=450,https://joola.com/search?q=JOOLA+Pro+V+Perseus+16mm,https://www.google.com/search?tbm=isch&q=JOOLA+Pro+V+Perseus+16mm+pickleball+paddle+product+photo,https://www.pickleheads.com/pickleball-gear/pickleball-paddles,"Pickleheads lists JOOLA Pro V with 9/10 power, 9/10 control, 10/10 spin, 9/10 forgiveness.",standard,medium,premium,real product or product-family image URL
JOOLA Ben Johns Perseus Pro IV 16mm,279.95,power|spin|singles,intermediate|advanced,8.1,5.5,16,9,7,9,7,Aggressive pro-style paddle for players who want power and spin.,https://joola.com/cdn/shop/files/JOOLA_WBG_2025_ProIV_Perseus-Perseus16mm-06.jpg?v=1766513679&width=450,https://joola.com/products/joola-perseus-iv-16mm-pickleball-paddle-1,https://www.google.com/search?tbm=isch&q=JOOLA+Ben+Johns+Perseus+Pro+IV+16mm+pickleball+paddle+product+photo,https://pickleballstudio.com/best/best-power-pickleball-paddles,"JOOLA Pro IV appears in 2026 power lists; specs approximate, scores normalized.",standard,medium,premium,real product or product-family image URL
CRBN TruFoam Barrage,279.99,power|all-court|spin,intermediate|advanced,8.1,5.5,14,9,8,10,9,"Foam-core paddle with big spin, power, dwell time, and a large sweet spot.",https://img.pickleballwarehouse.com/watermark/rs.php?nw=455&path=CBTFP1-1.jpg,https://crbnpickleball.com/search?q=CRBN+TruFoam+Barrage,https://www.google.com/search?tbm=isch&q=CRBN+TruFoam+Barrage+pickleball+paddle+product+photo,https://pickleball.com/learn/best-pickleball-paddles-2026-choosing-the-right-one-for-you,"Included as foam-core power paddle; specs approximate, scores normalized.",standard,medium,premium,real product or product-family image URL
CRBN TruFoam Genesis Elongated,279.99,all-court|control|spin,intermediate|advanced,8.1,5.5,14,8,9,9,8,Premium foam-core all-court paddle with balanced power and control.,https://img.pickleballwarehouse.com/watermark/rs.php?nw=455&path=CBTFP1-1.jpg,https://crbnpickleball.com/search?q=CRBN+TruFoam+Genesis+Elongated,https://www.google.com/search?tbm=isch&q=CRBN+TruFoam+Genesis+Elongated+pickleball+paddle+product+photo,https://www.pickleheads.com/pickleball-gear/pickleball-paddles,"CRBN TruFoam line appears in current best-paddle lists; specs approximate, scores normalized.",standard,medium,premium,real product or product-family image URL
Friday Aura Pro Hybrid,169.0,control|doubles|spin,beginner|intermediate,7.8,5.5,16,7,9,9,9,"Lightweight control paddle with quick hands, spin, maneuverability, and forgiveness.",https://us.sixzeropickleball.com/cdn/shop/files/Double-Black-Diamond-Control-Six-Zero-417078833.png?v=1747012971&width=1080,https://www.pickleballwarehouse.com/searchresults.html?searchtext=Friday+Aura+Pro+Hybrid,https://www.google.com/search?tbm=isch&q=Friday+Aura+Pro+Hybrid+pickleball+paddle+product+photo,https://pickleball.com/learn/best-pickleball-paddles-2026-choosing-the-right-one-for-you,"Included as lightweight control paddle; specs approximate, scores normalized.",standard,light,mid-range,representative paddle image URL; replace with exact product image when available
Luzz Pro 4 Inferno,229.0,all-court|power|spin,intermediate|advanced,8.0,5.5,16,9,8,9,9,"Fast-rising foam-core paddle with fast hands, spin, sweet spot, and balanced offense/control.",https://us.sixzeropickleball.com/cdn/shop/files/Double-Black-Diamond-Control-Six-Zero-417078833.png?v=1747012971&width=1080,https://www.pickleballwarehouse.com/searchresults.html?searchtext=Luzz+Pro+4+Inferno,https://www.google.com/search?tbm=isch&q=Luzz+Pro+4+Inferno+pickleball+paddle+product+photo,https://pickleball.com/learn/best-pickleball-paddles-2026-choosing-the-right-one-for-you,"Included as fastest-rising paddle; specs approximate, scores normalized.",standard,medium,premium,representative paddle image URL; replace with exact product image when available
Gearbox GX2 Hybrid 16mm,279.99,power|all-court|spin,intermediate|advanced,8.0,5.5,16,9,8,8,8,Power-focused carbon-rib core paddle with modern Gearbox engineering.,https://img.pickleballwarehouse.com/watermark/rs.php?nw=455&path=GBPULEL-1.jpg,https://gearboxsports.com/search?q=Gearbox+GX2+Hybrid+16mm,https://www.google.com/search?tbm=isch&q=Gearbox+GX2+Hybrid+16mm+pickleball+paddle+product+photo,https://pickleball.com/learn/best-pickleball-paddles-2026-choosing-the-right-one-for-you,"Included in current market paddles worth mentioning; specs approximate, scores normalized.",standard,medium,premium,real product or product-family image URL
Engage Pursuit X2 Elongated 16mm,259.99,all-court|control|singles,intermediate|advanced,8.0,5.75,16,8,8,8,8,Arm-friendly all-court paddle with controlled power and dwell time.,https://www.paddletek.com/cdn/shop/files/Paddletek_Bantam_TKO-C_Ocean_12.7_Front.png?v=1770072518&width=1200,https://engagepickleball.com/search?q=Engage+Pursuit+X2+Elongated+16mm,https://www.google.com/search?tbm=isch&q=Engage+Pursuit+X2+Elongated+16mm+pickleball+paddle+product+photo,https://pickleball.com/learn/best-pickleball-paddles-2026-choosing-the-right-one-for-you,"Included in current market paddles worth mentioning; specs approximate, scores normalized.",long,medium,premium,representative paddle image URL; replace with exact product image when available
Paddletek Bantam ALW-C 12.7mm,199.99,power|spin|doubles,intermediate|advanced,7.5,5.25,13,9,7,9,8,Lightweight short-handle power paddle for fast hands and aggressive doubles.,https://www.paddletek.com/cdn/shop/files/Paddletek_Bantam_TKO-C_Ocean_12.7_Front.png?v=1770072518&width=1200,https://www.paddletek.com/search?q=Paddletek+Bantam+ALW-C+12.7mm,https://www.google.com/search?tbm=isch&q=Paddletek+Bantam+ALW-C+12.7mm+pickleball+paddle+product+photo,https://www.google.com/search?q=Paddletek+Bantam+ALW-C+12.7mm+pickleball+paddle+specs,Expanded project row; specs/ratings normalized or approximate for recommendation variety.,short,light,mid-range,real product or product-family image URL
Paddletek Bantam ALW-C 14.3mm,199.99,all-court|spin|doubles,intermediate|advanced,7.7,5.25,14,8,8,9,8,Light short-handle all-court paddle with a softer feel than the 12.7mm version.,https://www.paddletek.com/cdn/shop/files/Paddletek_Bantam_TKO-C_Ocean_12.7_Front.png?v=1770072518&width=1200,https://www.paddletek.com/search?q=Paddletek+Bantam+ALW-C+14.3mm,https://www.google.com/search?tbm=isch&q=Paddletek+Bantam+ALW-C+14.3mm+pickleball+paddle+product+photo,https://www.google.com/search?q=Paddletek+Bantam+ALW-C+14.3mm+pickleball+paddle+specs,Expanded project row; specs/ratings normalized or approximate for recommendation variety.,short,light,mid-range,real product or product-family image URL
Paddletek Bantam TS-5,109.99,budget|control|doubles,beginner|intermediate,7.6,5.0,13,6,8,7,9,Beginner-friendly lightweight paddle with an easy sweet spot and short handle.,https://www.paddletek.com/cdn/shop/files/Paddletek_Bantam_TKO-C_Ocean_12.7_Front.png?v=1770072518&width=1200,https://www.paddletek.com/search?q=Paddletek+Bantam+TS-5,https://www.google.com/search?tbm=isch&q=Paddletek+Bantam+TS-5+pickleball+paddle+product+photo,https://www.google.com/search?q=Paddletek+Bantam+TS-5+pickleball+paddle+specs,Expanded project row; specs/ratings normalized or approximate for recommendation variety.,short,light,budget,real product or product-family image URL
ProKennex Pro Flight,179.99,control|doubles,beginner|intermediate,7.4,5.0,13,6,8,7,9,"Very light, maneuverable paddle for quick hands and arm-friendly control.",https://www.paddletek.com/cdn/shop/files/Paddletek_Bantam_TKO-C_Ocean_12.7_Front.png?v=1770072518&width=1200,https://prokennex.com/search?q=ProKennex+Pro+Flight,https://www.google.com/search?tbm=isch&q=ProKennex+Pro+Flight+pickleball+paddle+product+photo,https://www.google.com/search?q=ProKennex+Pro+Flight+pickleball+paddle+specs,Expanded project row; specs/ratings normalized or approximate for recommendation variety.,short,light,mid-range,representative paddle image URL; replace with exact product image when available
ProKennex Ovation Flight,189.99,control|spin|doubles,beginner|intermediate,7.5,4.9,13,6,8,8,8,Lightweight oval-style paddle suited for control and fast kitchen exchanges.,https://www.paddletek.com/cdn/shop/files/Paddletek_Bantam_TKO-C_Ocean_12.7_Front.png?v=1770072518&width=1200,https://prokennex.com/search?q=ProKennex+Ovation+Flight,https://www.google.com/search?tbm=isch&q=ProKennex+Ovation+Flight+pickleball+paddle+product+photo,https://www.google.com/search?q=ProKennex+Ovation+Flight+pickleball+paddle+specs,Expanded project row; specs/ratings normalized or approximate for recommendation variety.,short,light,mid-range,representative paddle image URL; replace with exact product image when available
Gamma Hellbender 16mm,129.99,budget|spin|control,beginner|intermediate,7.8,5.25,16,6,8,8,8,"Budget-friendly light paddle for spin, touch, and control development.",https://www.paddletek.com/cdn/shop/files/Paddletek_Bantam_TKO-C_Ocean_12.7_Front.png?v=1770072518&width=1200,https://gammasports.com/search?q=Gamma+Hellbender+16mm,https://www.google.com/search?tbm=isch&q=Gamma+Hellbender+16mm+pickleball+paddle+product+photo,https://www.google.com/search?q=Gamma+Hellbender+16mm+pickleball+paddle+specs,Expanded project row; specs/ratings normalized or approximate for recommendation variety.,short,light,mid-range,representative paddle image URL; replace with exact product image when available
HEAD Radical Tour CO,119.99,budget|control|doubles,beginner|intermediate,7.9,5.0,15,7,8,7,8,Short-handle control paddle for players who want a traditional feel.,https://www.paddletek.com/cdn/shop/files/Paddletek_Bantam_TKO-C_Ocean_12.7_Front.png?v=1770072518&width=1200,https://www.head.com/en_US/search?q=HEAD+Radical+Tour+CO,https://www.google.com/search?tbm=isch&q=HEAD+Radical+Tour+CO+pickleball+paddle+product+photo,https://www.google.com/search?q=HEAD+Radical+Tour+CO+pickleball+paddle+specs,Expanded project row; specs/ratings normalized or approximate for recommendation variety.,short,medium,budget,representative paddle image URL; replace with exact product image when available
Selkirk AMPED S2,150.0,control|doubles,beginner|intermediate,7.7,4.75,16,6,9,7,10,Widebody short-handle paddle with a large sweet spot and forgiving control.,https://www.selkirk.com/cdn/shop/files/pdp_image-PDP-LUXX-Infinigrit-Control-Air-Epic_Red_02copy.jpg?v=1761255947&width=600,https://www.selkirk.com/search?q=Selkirk+AMPED+S2,https://www.google.com/search?tbm=isch&q=Selkirk+AMPED+S2+pickleball+paddle+product+photo,https://www.google.com/search?q=Selkirk+AMPED+S2+pickleball+paddle+specs,Expanded project row; specs/ratings normalized or approximate for recommendation variety.,short,light,mid-range,real product or product-family image URL
ONIX Graphite Z5,89.99,budget|control|doubles,beginner|intermediate,7.8,5.0,13,7,8,6,8,Classic beginner/intermediate paddle with a short handle and simple control feel.,https://www.paddletek.com/cdn/shop/files/Paddletek_Bantam_TKO-C_Ocean_12.7_Front.png?v=1770072518&width=1200,https://onixpickleball.com/search?q=ONIX+Graphite+Z5,https://www.google.com/search?tbm=isch&q=ONIX+Graphite+Z5+pickleball+paddle+product+photo,https://www.google.com/search?q=ONIX+Graphite+Z5+pickleball+paddle+specs,Expanded project row; specs/ratings normalized or approximate for recommendation variety.,short,light,budget,representative paddle image URL; replace with exact product image when available
Diadem Warrior Edge 16mm,149.99,control|spin|doubles,beginner|intermediate,7.8,5.3,16,7,8,8,8,Light-to-medium control paddle with spin potential and manageable weight.,https://www.paddletek.com/cdn/shop/files/Paddletek_Bantam_TKO-C_Ocean_12.7_Front.png?v=1770072518&width=1200,https://diademsports.com/search?q=Diadem+Warrior+Edge+16mm,https://www.google.com/search?tbm=isch&q=Diadem+Warrior+Edge+16mm+pickleball+paddle+product+photo,https://www.google.com/search?q=Diadem+Warrior+Edge+16mm+pickleball+paddle+specs,Expanded project row; specs/ratings normalized or approximate for recommendation variety.,short,light,mid-range,representative paddle image URL; replace with exact product image when available
ProKennex Black Ace Pro,249.99,power|doubles,intermediate|advanced,7.95,5.3,11,9,7,7,7,"Shorter-handle power paddle with a fast, poppy feel.",https://www.paddletek.com/cdn/shop/files/Paddletek_Bantam_TKO-C_Ocean_12.7_Front.png?v=1770072518&width=1200,https://prokennex.com/products/black-ace-pro,https://www.google.com/search?tbm=isch&q=ProKennex+Black+Ace+Pro+pickleball+paddle+product+photo,https://www.google.com/search?q=ProKennex+Black+Ace+Pro+pickleball+paddle+specs,Expanded project row; specs/ratings normalized or approximate for recommendation variety.,short,medium,premium,representative paddle image URL; replace with exact product image when available
Engage Pursuit Pro MX 6.0,259.99,control|singles|spin,intermediate|advanced,8.1,5.75,16,8,9,8,8,"Long-handle elongated paddle for reach, control, and two-handed backhands.",https://www.paddletek.com/cdn/shop/files/Paddletek_Bantam_TKO-C_Ocean_12.7_Front.png?v=1770072518&width=1200,https://engagepickleball.com/search?q=Engage+Pursuit+Pro+MX+6.0,https://www.google.com/search?tbm=isch&q=Engage+Pursuit+Pro+MX+6.0+pickleball+paddle+product+photo,https://www.google.com/search?q=Engage+Pursuit+Pro+MX+6.0+pickleball+paddle+specs,Expanded project row; specs/ratings normalized or approximate for recommendation variety.,long,medium,premium,representative paddle image URL; replace with exact product image when available
Engage Pursuit Pro1 6.0 Elongated,259.99,all-court|singles|spin,intermediate|advanced,8.05,5.75,16,8,8,9,8,Long-handle all-court paddle for players who want reach and spin.,https://www.paddletek.com/cdn/shop/files/Paddletek_Bantam_TKO-C_Ocean_12.7_Front.png?v=1770072518&width=1200,https://engagepickleball.com/search?q=Engage+Pursuit+Pro1+6.0+Elongated,https://www.google.com/search?tbm=isch&q=Engage+Pursuit+Pro1+6.0+Elongated+pickleball+paddle+product+photo,https://www.google.com/search?q=Engage+Pursuit+Pro1+6.0+Elongated+pickleball+paddle+specs,Expanded project row; specs/ratings normalized or approximate for recommendation variety.,long,medium,premium,representative paddle image URL; replace with exact product image when available
Engage Pursuit MX 6.0,219.99,control|singles,intermediate|advanced,8.2,5.75,16,7,9,8,8,Long-handle control paddle that favors placement and resets.,https://www.paddletek.com/cdn/shop/files/Paddletek_Bantam_TKO-C_Ocean_12.7_Front.png?v=1770072518&width=1200,https://engagepickleball.com/search?q=Engage+Pursuit+MX+6.0,https://www.google.com/search?tbm=isch&q=Engage+Pursuit+MX+6.0+pickleball+paddle+product+photo,https://www.google.com/search?q=Engage+Pursuit+MX+6.0+pickleball+paddle+specs,Expanded project row; specs/ratings normalized or approximate for recommendation variety.,long,heavy,mid-range,representative paddle image URL; replace with exact product image when available
Selkirk Vanguard Power Air Invikta,249.99,power|singles|spin,intermediate|advanced,7.9,5.25,13,9,7,9,7,Power and spin paddle with reach-oriented shape; handle category kept short/standard depending preference.,https://www.selkirk.com/cdn/shop/files/pdp_image-PDP-LUXX-Infinigrit-Control-Air-Epic_Red_02copy.jpg?v=1761255947&width=600,https://www.selkirk.com/search?q=Selkirk+Vanguard+Power+Air+Invikta,https://www.google.com/search?tbm=isch&q=Selkirk+Vanguard+Power+Air+Invikta+pickleball+paddle+product+photo,https://www.google.com/search?q=Selkirk+Vanguard+Power+Air+Invikta+pickleball+paddle+specs,Expanded project row; specs/ratings normalized or approximate for recommendation variety.,short,medium,premium,real product or product-family image URL
CRBN 1X Power Series 14mm,229.99,power|singles|spin,intermediate|advanced,8.0,5.5,14,9,7,9,7,"Power-focused elongated paddle for drives, speedups, and spin.",https://img.pickleballwarehouse.com/watermark/rs.php?nw=455&path=CBTFP1-1.jpg,https://crbnpickleball.com/search?q=CRBN+1X+Power+Series+14mm,https://www.google.com/search?tbm=isch&q=CRBN+1X+Power+Series+14mm+pickleball+paddle+product+photo,https://www.google.com/search?q=CRBN+1X+Power+Series+14mm+pickleball+paddle+specs,Expanded project row; specs/ratings normalized or approximate for recommendation variety.,standard,medium,premium,real product or product-family image URL
CRBN 1X Power Series 16mm,229.99,all-court|singles|spin,intermediate|advanced,8.1,5.5,16,8,8,9,8,"Elongated all-court paddle with power, spin, and more forgiveness than the 14mm.",https://img.pickleballwarehouse.com/watermark/rs.php?nw=455&path=CBTFP1-1.jpg,https://crbnpickleball.com/search?q=CRBN+1X+Power+Series+16mm,https://www.google.com/search?tbm=isch&q=CRBN+1X+Power+Series+16mm+pickleball+paddle+product+photo,https://www.google.com/search?q=CRBN+1X+Power+Series+16mm+pickleball+paddle+specs,Expanded project row; specs/ratings normalized or approximate for recommendation variety.,standard,medium,premium,real product or product-family image URL
JOOLA Ben Johns Hyperion CFS 16mm,219.95,all-court|singles|spin,intermediate|advanced,8.4,5.5,16,8,8,9,8,"Elongated all-court paddle known for spin, dwell time, and reach.",https://joola.com/cdn/shop/files/JOOLA_WBG_2025_ProIV_Perseus-Perseus16mm-06.jpg?v=1766513679&width=450,https://joola.com/search?q=JOOLA+Ben+Johns+Hyperion+CFS+16mm,https://www.google.com/search?tbm=isch&q=JOOLA+Ben+Johns+Hyperion+CFS+16mm+pickleball+paddle+product+photo,https://www.google.com/search?q=JOOLA+Ben+Johns+Hyperion+CFS+16mm+pickleball+paddle+specs,Expanded project row; specs/ratings normalized or approximate for recommendation variety.,standard,heavy,mid-range,real product or product-family image URL
Gearbox Pro Power Elongated,274.99,power|singles,advanced,8.0,5.5,14,10,6,8,7,High-power elongated paddle for advanced players with strong hand control.,https://img.pickleballwarehouse.com/watermark/rs.php?nw=455&path=GBPULEL-1.jpg,https://gearboxsports.com/products/pro-ultimate-power-14mm,https://www.google.com/search?tbm=isch&q=Gearbox+Pro+Power+Elongated+pickleball+paddle+product+photo,https://www.google.com/search?q=Gearbox+Pro+Power+Elongated+pickleball+paddle+specs,Expanded project row; specs/ratings normalized or approximate for recommendation variety.,standard,medium,premium,real product or product-family image URL
Gearbox Pro Control Elongated,274.99,control|singles|spin,intermediate|advanced,8.0,5.5,16,7,9,8,8,"Elongated control paddle for resets, spin, and precise placement.",https://img.pickleballwarehouse.com/watermark/rs.php?nw=455&path=GBPULEL-1.jpg,https://gearboxsports.com/search?q=Gearbox+Pro+Control+Elongated,https://www.google.com/search?tbm=isch&q=Gearbox+Pro+Control+Elongated+pickleball+paddle+product+photo,https://www.google.com/search?q=Gearbox+Pro+Control+Elongated+pickleball+paddle+specs,Expanded project row; specs/ratings normalized or approximate for recommendation variety.,standard,medium,premium,real product or product-family image URL
Ronbus R1 Nova 16mm,160.0,all-court|singles|spin,intermediate|advanced,8.0,5.5,16,8,8,9,8,Value all-court elongated paddle with spin and stable control.,https://www.paddletek.com/cdn/shop/files/Paddletek_Bantam_TKO-C_Ocean_12.7_Front.png?v=1770072518&width=1200,https://ronbus.com/search?q=Ronbus+R1+Nova+16mm,https://www.google.com/search?tbm=isch&q=Ronbus+R1+Nova+16mm+pickleball+paddle+product+photo,https://www.google.com/search?q=Ronbus+R1+Nova+16mm+pickleball+paddle+specs,Expanded project row; specs/ratings normalized or approximate for recommendation variety.,standard,medium,mid-range,representative paddle image URL; replace with exact product image when available
Ronbus R3 Nova 16mm,160.0,control|singles|spin,intermediate|advanced,8.1,5.5,16,7,9,9,8,Control-leaning elongated paddle for spin and reach.,https://www.paddletek.com/cdn/shop/files/Paddletek_Bantam_TKO-C_Ocean_12.7_Front.png?v=1770072518&width=1200,https://ronbus.com/search?q=Ronbus+R3+Nova+16mm,https://www.google.com/search?tbm=isch&q=Ronbus+R3+Nova+16mm+pickleball+paddle+product+photo,https://www.google.com/search?q=Ronbus+R3+Nova+16mm+pickleball+paddle+specs,Expanded project row; specs/ratings normalized or approximate for recommendation variety.,standard,medium,mid-range,representative paddle image URL; replace with exact product image when available
Franklin FS Tour Dynasty 16mm,149.99,all-court|singles|budget,intermediate|advanced,8.0,5.6,16,8,8,8,7,Longer-handle value paddle with balanced power and control.,https://www.paddletek.com/cdn/shop/files/Paddletek_Bantam_TKO-C_Ocean_12.7_Front.png?v=1770072518&width=1200,https://franklinsports.com/search?q=Franklin+FS+Tour+Dynasty+16mm,https://www.google.com/search?tbm=isch&q=Franklin+FS+Tour+Dynasty+16mm+pickleball+paddle+product+photo,https://www.google.com/search?q=Franklin+FS+Tour+Dynasty+16mm+pickleball+paddle+specs,Expanded project row; specs/ratings normalized or approximate for recommendation variety.,long,medium,mid-range,representative paddle image URL; replace with exact product image when available
Babolat STRKR+ 16mm,149.99,power|singles|budget,intermediate|advanced,8.0,5.5,16,8,7,8,7,Power/value paddle for players wanting reach and offensive pop.,https://www.paddletek.com/cdn/shop/files/Paddletek_Bantam_TKO-C_Ocean_12.7_Front.png?v=1770072518&width=1200,https://www.babolat.com/us/search?q=Babolat+STRKR%2B+16mm,https://www.google.com/search?tbm=isch&q=Babolat+STRKR%2B+16mm+pickleball+paddle+product+photo,https://www.google.com/search?q=Babolat+STRKR%2B+16mm+pickleball+paddle+specs,Expanded project row; specs/ratings normalized or approximate for recommendation variety.,standard,medium,mid-range,representative paddle image URL; replace with exact product image when available
Diadem Warrior V2,229.95,control|doubles,intermediate|advanced,8.5,5.0,19,7,9,8,10,"Heavy, stable control paddle with a plush feel and huge sweet spot.",https://www.paddletek.com/cdn/shop/files/Paddletek_Bantam_TKO-C_Ocean_12.7_Front.png?v=1770072518&width=1200,https://diademsports.com/search?q=Diadem+Warrior+V2,https://www.google.com/search?tbm=isch&q=Diadem+Warrior+V2+pickleball+paddle+product+photo,https://www.google.com/search?q=Diadem+Warrior+V2+pickleball+paddle+specs,Expanded project row; specs/ratings normalized or approximate for recommendation variety.,short,heavy,premium,representative paddle image URL; replace with exact product image when available
Onix Evoke Premier,149.99,power|singles,intermediate|advanced,8.3,5.5,13,9,7,7,7,Heavier power paddle for drives and baseline offense.,https://www.paddletek.com/cdn/shop/files/Paddletek_Bantam_TKO-C_Ocean_12.7_Front.png?v=1770072518&width=1200,https://onixpickleball.com/search?q=Onix+Evoke+Premier,https://www.google.com/search?tbm=isch&q=Onix+Evoke+Premier+pickleball+paddle+product+photo,https://www.google.com/search?q=Onix+Evoke+Premier+pickleball+paddle+specs,Expanded project row; specs/ratings normalized or approximate for recommendation variety.,standard,heavy,mid-range,representative paddle image URL; replace with exact product image when available
Gearbox CX14E Ultimate Power,199.99,power|singles,advanced,8.5,5.6,14,9,7,8,7,Heavy elongated power paddle for advanced players who like stability and pop.,https://img.pickleballwarehouse.com/watermark/rs.php?nw=455&path=GBPULEL-1.jpg,https://gearboxsports.com/search?q=Gearbox+CX14E+Ultimate+Power,https://www.google.com/search?tbm=isch&q=Gearbox+CX14E+Ultimate+Power+pickleball+paddle+product+photo,https://www.google.com/search?q=Gearbox+CX14E+Ultimate+Power+pickleball+paddle+specs,Expanded project row; specs/ratings normalized or approximate for recommendation variety.,long,heavy,mid-range,real product or product-family image URL
Selkirk Vanguard Control Epic,199.99,control|doubles,beginner|intermediate|advanced,8.2,5.25,16,6,9,8,9,Stable control paddle with a forgiving shape for doubles players.,https://www.selkirk.com/cdn/shop/files/pdp_image-PDP-LUXX-Infinigrit-Control-Air-Epic_Red_02copy.jpg?v=1761255947&width=600,https://www.selkirk.com/search?q=Selkirk+Vanguard+Control+Epic,https://www.google.com/search?tbm=isch&q=Selkirk+Vanguard+Control+Epic+pickleball+paddle+product+photo,https://www.google.com/search?q=Selkirk+Vanguard+Control+Epic+pickleball+paddle+specs,Expanded project row; specs/ratings normalized or approximate for recommendation variety.,short,heavy,mid-range,real product or product-family image URL
Selkirk Vanguard Control Invikta,199.99,control|singles,intermediate|advanced,8.2,5.25,16,7,9,8,8,Elongated control option with more reach and stability.,https://www.selkirk.com/cdn/shop/files/pdp_image-PDP-LUXX-Infinigrit-Control-Air-Epic_Red_02copy.jpg?v=1761255947&width=600,https://www.selkirk.com/search?q=Selkirk+Vanguard+Control+Invikta,https://www.google.com/search?tbm=isch&q=Selkirk+Vanguard+Control+Invikta+pickleball+paddle+product+photo,https://www.google.com/search?q=Selkirk+Vanguard+Control+Invikta+pickleball+paddle+specs,Expanded project row; specs/ratings normalized or approximate for recommendation variety.,short,heavy,mid-range,real product or product-family image URL
Gamma Compass LH,129.99,budget|control|singles,beginner|intermediate,8.2,5.75,16,7,8,7,8,Budget long-handle option with extra stability and control.,https://www.paddletek.com/cdn/shop/files/Paddletek_Bantam_TKO-C_Ocean_12.7_Front.png?v=1770072518&width=1200,https://gammasports.com/search?q=Gamma+Compass+LH,https://www.google.com/search?tbm=isch&q=Gamma+Compass+LH+pickleball+paddle+product+photo,https://www.google.com/search?q=Gamma+Compass+LH+pickleball+paddle+specs,Expanded project row; specs/ratings normalized or approximate for recommendation variety.,long,heavy,mid-range,representative paddle image URL; replace with exact product image when available
SLK Halo Control XL,139.99,control|singles|spin,beginner|intermediate,7.8,5.75,16,6,9,8,8,Long-handle light control paddle for newer players who want reach.,https://www.selkirk.com/cdn/shop/files/pdp_image-PDP-LUXX-Infinigrit-Control-Air-Epic_Red_02copy.jpg?v=1761255947&width=600,https://www.selkirk.com/search?q=SLK+Halo+Control+XL,https://www.google.com/search?tbm=isch&q=SLK+Halo+Control+XL+pickleball+paddle+product+photo,https://www.google.com/search?q=SLK+Halo+Control+XL+pickleball+paddle+specs,Expanded project row; specs/ratings normalized or approximate for recommendation variety.,long,light,mid-range,representative paddle image URL; replace with exact product image when available
SLK Halo Power XL,139.99,power|singles|spin,intermediate|advanced,7.8,5.75,13,8,7,8,7,Light long-handle paddle with more power than the Halo Control XL.,https://www.selkirk.com/cdn/shop/files/pdp_image-PDP-LUXX-Infinigrit-Control-Air-Epic_Red_02copy.jpg?v=1761255947&width=600,https://www.selkirk.com/search?q=SLK+Halo+Power+XL,https://www.google.com/search?tbm=isch&q=SLK+Halo+Power+XL+pickleball+paddle+product+photo,https://www.google.com/search?q=SLK+Halo+Power+XL+pickleball+paddle+specs,Expanded project row; specs/ratings normalized or approximate for recommendation variety.,long,light,mid-range,representative paddle image URL; replace with exact product image when available
SLK Evo Control Max,99.99,budget|control|doubles,beginner|intermediate,7.7,5.25,16,6,8,7,9,Budget beginner control paddle with a widebody forgiving shape.,https://www.selkirk.com/cdn/shop/files/pdp_image-PDP-LUXX-Infinigrit-Control-Air-Epic_Red_02copy.jpg?v=1761255947&width=600,https://www.selkirk.com/search?q=SLK+Evo+Control+Max,https://www.google.com/search?tbm=isch&q=SLK+Evo+Control+Max+pickleball+paddle+product+photo,https://www.google.com/search?q=SLK+Evo+Control+Max+pickleball+paddle+specs,Expanded project row; specs/ratings normalized or approximate for recommendation variety.,short,light,budget,representative paddle image URL; replace with exact product image when available
SLK Evo Power Max,99.99,budget|power|doubles,beginner|intermediate,7.8,5.25,13,8,7,7,8,Budget beginner power paddle for easy pop and quick hands.,https://www.selkirk.com/cdn/shop/files/pdp_image-PDP-LUXX-Infinigrit-Control-Air-Epic_Red_02copy.jpg?v=1761255947&width=600,https://www.selkirk.com/search?q=SLK+Evo+Power+Max,https://www.google.com/search?tbm=isch&q=SLK+Evo+Power+Max+pickleball+paddle+product+photo,https://www.google.com/search?q=SLK+Evo+Power+Max+pickleball+paddle+specs,Expanded project row; specs/ratings normalized or approximate for recommendation variety.,short,light,budget,representative paddle image URL; replace with exact product image when available
Selkirk SLK Latitude 2.0,69.99,budget|control|doubles,beginner,8.0,5.25,13,6,8,6,9,Very beginner-friendly budget paddle for casual play and large sweet spot.,https://www.selkirk.com/cdn/shop/files/pdp_image-PDP-LUXX-Infinigrit-Control-Air-Epic_Red_02copy.jpg?v=1761255947&width=600,https://www.selkirk.com/search?q=Selkirk+SLK+Latitude+2.0,https://www.google.com/search?tbm=isch&q=Selkirk+SLK+Latitude+2.0+pickleball+paddle+product+photo,https://www.google.com/search?q=Selkirk+SLK+Latitude+2.0+pickleball+paddle+specs,Expanded project row; specs/ratings normalized or approximate for recommendation variety.,short,medium,budget,real product or product-family image URL
Niupipo Explorer Pro,59.99,budget|control|doubles,beginner,8.0,5.0,13,6,7,6,8,Entry-level budget paddle for new players learning consistency.,https://www.paddletek.com/cdn/shop/files/Paddletek_Bantam_TKO-C_Ocean_12.7_Front.png?v=1770072518&width=1200,https://niupipo.com/search?q=Niupipo+Explorer+Pro,https://www.google.com/search?tbm=isch&q=Niupipo+Explorer+Pro+pickleball+paddle+product+photo,https://www.google.com/search?q=Niupipo+Explorer+Pro+pickleball+paddle+specs,Expanded project row; specs/ratings normalized or approximate for recommendation variety.,short,medium,budget,representative paddle image URL; replace with exact product image when available
MTEN Fiberglass Paddle,39.99,budget|control|doubles,beginner,8.0,5.0,13,6,7,6,8,Low-cost beginner paddle for casual pickleball and first-time players.,https://www.paddletek.com/cdn/shop/files/Paddletek_Bantam_TKO-C_Ocean_12.7_Front.png?v=1770072518&width=1200,https://mtenpickleball.com/search?q=MTEN+Fiberglass+Paddle,https://www.google.com/search?tbm=isch&q=MTEN+Fiberglass+Paddle+pickleball+paddle+product+photo,https://www.google.com/search?q=MTEN+Fiberglass+Paddle+pickleball+paddle+specs,Expanded project row; specs/ratings normalized or approximate for recommendation variety.,short,medium,budget,representative paddle image URL; replace with exact product image when available
Warping Point Sophon 16mm,189.0,control|spin|all-court,intermediate|advanced,8.05,5.5,16,7,9,9,8,Control/spin paddle added for more intermediate and advanced all-court variety.,https://www.paddletek.com/cdn/shop/files/Paddletek_Bantam_TKO-C_Ocean_12.7_Front.png?v=1770072518&width=1200,https://warpingpoint.com/search?q=Warping+Point+Sophon+16mm,https://www.google.com/search?tbm=isch&q=Warping+Point+Sophon+16mm+pickleball+paddle+product+photo,https://www.google.com/search?q=Warping+Point+Sophon+16mm+pickleball+paddle+specs,Expanded project row; specs/ratings normalized or approximate for recommendation variety.,standard,medium,mid-range,representative paddle image URL; replace with exact product image when available
Pickleball Apes Pulse V 16mm,199.0,all-court|spin|power,intermediate|advanced,8.1,5.5,16,8,8,9,8,Modern all-court paddle option for spin and balanced offense.,https://www.paddletek.com/cdn/shop/files/Paddletek_Bantam_TKO-C_Ocean_12.7_Front.png?v=1770072518&width=1200,https://www.pickleballapes.com/search?q=Pickleball+Apes+Pulse+V+16mm,https://www.google.com/search?tbm=isch&q=Pickleball+Apes+Pulse+V+16mm+pickleball+paddle+product+photo,https://www.google.com/search?q=Pickleball+Apes+Pulse+V+16mm+pickleball+paddle+specs,Expanded project row; specs/ratings normalized or approximate for recommendation variety.,standard,medium,mid-range,representative paddle image URL; replace with exact product image when available
Pickleball Apes Pro Line Energy S 16mm,199.0,control|doubles|spin,intermediate|advanced,8.15,5.5,16,7,9,9,8,Control and spin paddle for doubles players who value resets and touch.,https://www.paddletek.com/cdn/shop/files/Paddletek_Bantam_TKO-C_Ocean_12.7_Front.png?v=1770072518&width=1200,https://www.pickleballapes.com/search?q=Pickleball+Apes+Pro+Line+Energy+S+16mm,https://www.google.com/search?tbm=isch&q=Pickleball+Apes+Pro+Line+Energy+S+16mm+pickleball+paddle+product+photo,https://www.google.com/search?q=Pickleball+Apes+Pro+Line+Energy+S+16mm+pickleball+paddle+specs,Expanded project row; specs/ratings normalized or approximate for recommendation variety.,standard,medium,mid-range,representative paddle image URL; replace with exact product image when available
Volair Mach 2 Forza 16mm,179.99,control|doubles|spin,beginner|intermediate|advanced,8.2,5.5,16,7,9,9,9,Widebody control paddle with strong spin and forgiving stability.,https://www.paddletek.com/cdn/shop/files/Paddletek_Bantam_TKO-C_Ocean_12.7_Front.png?v=1770072518&width=1200,https://volair.com/search?q=Volair+Mach+2+Forza+16mm,https://www.google.com/search?tbm=isch&q=Volair+Mach+2+Forza+16mm+pickleball+paddle+product+photo,https://www.google.com/search?q=Volair+Mach+2+Forza+16mm+pickleball+paddle+specs,Expanded project row; specs/ratings normalized or approximate for recommendation variety.,standard,heavy,mid-range,representative paddle image URL; replace with exact product image when available
Volair Mach 1 Forza 16mm,179.99,all-court|singles|spin,intermediate|advanced,8.1,5.5,16,8,8,9,8,Elongated all-court paddle for players wanting spin and reach.,https://www.paddletek.com/cdn/shop/files/Paddletek_Bantam_TKO-C_Ocean_12.7_Front.png?v=1770072518&width=1200,https://volair.com/search?q=Volair+Mach+1+Forza+16mm,https://www.google.com/search?tbm=isch&q=Volair+Mach+1+Forza+16mm+pickleball+paddle+product+photo,https://www.google.com/search?q=Volair+Mach+1+Forza+16mm+pickleball+paddle+specs,Expanded project row; specs/ratings normalized or approximate for recommendation variety.,standard,medium,mid-range,representative paddle image URL; replace with exact product image when available
Hudef Viva Pro Gen 3 16mm,139.99,budget|all-court|spin,beginner|intermediate,8.0,5.5,16,8,8,8,8,"Budget all-court paddle with balanced power, control, and spin.",https://www.paddletek.com/cdn/shop/files/Paddletek_Bantam_TKO-C_Ocean_12.7_Front.png?v=1770072518&width=1200,https://hudefsport.com/search?q=Hudef+Viva+Pro+Gen+3+16mm,https://www.google.com/search?tbm=isch&q=Hudef+Viva+Pro+Gen+3+16mm+pickleball+paddle+product+photo,https://www.google.com/search?q=Hudef+Viva+Pro+Gen+3+16mm+pickleball+paddle+specs,Expanded project row; specs/ratings normalized or approximate for recommendation variety.,standard,medium,mid-range,representative paddle image URL; replace with exact product image when available
