name,price,styles,skill_fit,weight_oz,handle_length,thickness_mm,power,control,spin,forgiveness,notes,image_url,buy_url,image_search_url,source_url,source_note
Honolulu J2CR Crystal Blue 16mm,195.0,all-court|spin|control,intermediate|advanced,8.05,5.5,16,8,9,10,9,"Popular 2026 overall pick with strong spin, long-lasting grit, and broad all-court appeal.",https://placehold.co/600x400/png?text=Honolulu+J2CR+Crystal+Blue+16mm,https://www.google.com/search?tbm=shop&q=Honolulu+J2CR+Crystal+Blue+16mm+pickleball+paddle+buy,https://www.google.com/search?tbm=isch&q=Honolulu+J2CR+Crystal+Blue+16mm+pickleball+paddle+product+photo,https://www.pickleheads.com/pickleball-gear/pickleball-paddles,Listed as best overall in Pickleheads June 2026 update; exact scores normalized for project use.
Honolulu J2FC+ LH 16mm,195.0,all-court|doubles|control,intermediate|advanced,7.99,6.0,16,8,8,8,9,Long-handle all-court foam paddle with a very forgiving sweet spot.,https://placehold.co/600x400/png?text=Honolulu+J2FC%2B+LH+16mm,https://www.google.com/search?tbm=shop&q=Honolulu+J2FC%2B+LH+16mm+pickleball+paddle+buy,https://www.google.com/search?tbm=isch&q=Honolulu+J2FC%2B+LH+16mm+pickleball+paddle+product+photo,https://pickleballstudio.com/best/best-all-court-pickleball-paddles,Specs from Pickleball Studio all-court list; trait scores normalized.
Honolulu J2FC+ SH 16mm,195.0,all-court|doubles|control,intermediate|advanced,7.95,5.5,16,8,8,8,9,Shorter-handle version of the J2FC+ for players who want maneuverability and forgiveness.,https://placehold.co/600x400/png?text=Honolulu+J2FC%2B+SH+16mm,https://www.google.com/search?tbm=shop&q=Honolulu+J2FC%2B+SH+16mm+pickleball+paddle+buy,https://www.google.com/search?tbm=isch&q=Honolulu+J2FC%2B+SH+16mm+pickleball+paddle+product+photo,https://pickleballstudio.com/best/best-all-court-pickleball-paddles,Based on Pickleball Studio J2FC+ listing; specs are approximate for short-handle version.
Six Zero Coral Elongated 16mm,200.0,all-court|singles|control,intermediate|advanced,7.94,5.75,16,8,9,8,8,Dense soft-feeling full foam all-court paddle with reach and good control.,https://placehold.co/600x400/png?text=Six+Zero+Coral+Elongated+16mm,https://www.google.com/search?tbm=shop&q=Six+Zero+Coral+Elongated+16mm+pickleball+paddle+buy,https://www.google.com/search?tbm=isch&q=Six+Zero+Coral+Elongated+16mm+pickleball+paddle+product+photo,https://pickleballstudio.com/best/best-all-court-pickleball-paddles,Specs from Pickleball Studio all-court list; trait scores normalized.
Six Zero Coral Hybrid 16mm,200.0,all-court|doubles|control,intermediate|advanced,8.18,5.5,16,8,9,8,8,Hybrid full foam all-court paddle with strong stability and balanced performance.,https://placehold.co/600x400/png?text=Six+Zero+Coral+Hybrid+16mm,https://www.google.com/search?tbm=shop&q=Six+Zero+Coral+Hybrid+16mm+pickleball+paddle+buy,https://www.google.com/search?tbm=isch&q=Six+Zero+Coral+Hybrid+16mm+pickleball+paddle+product+photo,https://pickleballstudio.com/best/best-all-court-pickleball-paddles,Specs from Pickleball Studio all-court list; trait scores normalized.
Six Zero Coral Widebody 16mm,200.0,all-court|doubles|control,beginner|intermediate|advanced,8.24,5.5,16,7,9,8,10,Widebody full foam option for players who want maximum forgiveness and stability.,https://placehold.co/600x400/png?text=Six+Zero+Coral+Widebody+16mm,https://www.google.com/search?tbm=shop&q=Six+Zero+Coral+Widebody+16mm+pickleball+paddle+buy,https://www.google.com/search?tbm=isch&q=Six+Zero+Coral+Widebody+16mm+pickleball+paddle+product+photo,https://pickleballstudio.com/best/best-all-court-pickleball-paddles,Specs from Pickleball Studio all-court list; trait scores normalized.
Six Zero Ruby Pro 14mm,225.0,control|spin|all-court,intermediate|advanced,8.0,5.5,14,7,9,10,8,"Control-focused paddle known for plush feel, spin, soft resets, and controlled offense.",https://placehold.co/600x400/png?text=Six+Zero+Ruby+Pro+14mm,https://www.google.com/search?tbm=shop&q=Six+Zero+Ruby+Pro+14mm+pickleball+paddle+buy,https://www.google.com/search?tbm=isch&q=Six+Zero+Ruby+Pro+14mm+pickleball+paddle+product+photo,https://pickleball.com/learn/best-pickleball-paddles-2026-choosing-the-right-one-for-you,"Included in 2026 control paddle guide; specs approximate, scores normalized."
Six Zero Double Black Diamond Control 16mm,180.0,all-court|control|spin,intermediate|advanced,8.1,5.5,16,8,9,9,8,Classic all-court/control paddle with strong spin and a balanced feel.,https://placehold.co/600x400/png?text=Six+Zero+Double+Black+Diamond+Control+16mm,https://www.google.com/search?tbm=shop&q=Six+Zero+Double+Black+Diamond+Control+16mm+pickleball+paddle+buy,https://www.google.com/search?tbm=isch&q=Six+Zero+Double+Black+Diamond+Control+16mm+pickleball+paddle+product+photo,https://us.sixzeropickleball.com/products/double-black-diamond,Brand/spec reference; scores normalized for recommender.
Six Zero Black Opal 16mm,199.0,all-court|spin|control,intermediate|advanced,8.0,5.5,16,8,8,9,8,Balanced modern all-court option referenced as a good intermediate choice.,https://placehold.co/600x400/png?text=Six+Zero+Black+Opal+16mm,https://www.google.com/search?tbm=shop&q=Six+Zero+Black+Opal+16mm+pickleball+paddle+buy,https://www.google.com/search?tbm=isch&q=Six+Zero+Black+Opal+16mm+pickleball+paddle+product+photo,https://pickleball.com/learn/best-pickleball-paddles-2026-choosing-the-right-one-for-you,"Mentioned in current skill-level guide; specs approximate, scores normalized."
Vatic Pro Saga Bloom 16mm,99.99,all-court|budget|doubles,beginner|intermediate,8.03,5.6,16,7,8,9,9,Budget widebody all-court option with high twist weight and strong spin.,https://placehold.co/600x400/png?text=Vatic+Pro+Saga+Bloom+16mm,https://www.google.com/search?tbm=shop&q=Vatic+Pro+Saga+Bloom+16mm+pickleball+paddle+buy,https://www.google.com/search?tbm=isch&q=Vatic+Pro+Saga+Bloom+16mm+pickleball+paddle+product+photo,https://pickleballstudio.com/best/best-all-court-pickleball-paddles,Specs from Pickleball Studio all-court list; trait scores normalized.
Vatic Pro Saga Flash SH 16mm,99.99,all-court|budget|doubles,beginner|intermediate,8.03,5.3,16,7,8,8,8,Affordable hybrid all-court paddle with shorter handle and balanced play.,https://placehold.co/600x400/png?text=Vatic+Pro+Saga+Flash+SH+16mm,https://www.google.com/search?tbm=shop&q=Vatic+Pro+Saga+Flash+SH+16mm+pickleball+paddle+buy,https://www.google.com/search?tbm=isch&q=Vatic+Pro+Saga+Flash+SH+16mm+pickleball+paddle+product+photo,https://pickleballstudio.com/best/best-all-court-pickleball-paddles,Specs from Pickleball Studio all-court list; trait scores normalized.
Vatic Pro Saga Flash LH 16mm,99.99,all-court|budget|singles,beginner|intermediate,8.12,5.5,16,8,8,8,8,Budget long-handle hybrid option for players who want reach and two-handed backhands.,https://placehold.co/600x400/png?text=Vatic+Pro+Saga+Flash+LH+16mm,https://www.google.com/search?tbm=shop&q=Vatic+Pro+Saga+Flash+LH+16mm+pickleball+paddle+buy,https://www.google.com/search?tbm=isch&q=Vatic+Pro+Saga+Flash+LH+16mm+pickleball+paddle+product+photo,https://pickleballstudio.com/best/best-all-court-pickleball-paddles,Specs from Pickleball Studio all-court list; trait scores normalized.
Vatic Pro Saga v7 SH 16mm,99.99,all-court|budget|singles,beginner|intermediate,8.09,5.3,16,8,8,8,8,Elongated budget all-court paddle with reach and controlled power.,https://placehold.co/600x400/png?text=Vatic+Pro+Saga+v7+SH+16mm,https://www.google.com/search?tbm=shop&q=Vatic+Pro+Saga+v7+SH+16mm+pickleball+paddle+buy,https://www.google.com/search?tbm=isch&q=Vatic+Pro+Saga+v7+SH+16mm+pickleball+paddle+product+photo,https://pickleballstudio.com/best/best-all-court-pickleball-paddles,Specs from Pickleball Studio all-court list; trait scores normalized.
Vatic Pro Prism Bloom 16mm,99.99,control|budget|doubles,beginner|intermediate,7.96,5.6,16,6,9,8,9,Budget control widebody with a large sweet spot and high stability.,https://placehold.co/600x400/png?text=Vatic+Pro+Prism+Bloom+16mm,https://www.google.com/search?tbm=shop&q=Vatic+Pro+Prism+Bloom+16mm+pickleball+paddle+buy,https://www.google.com/search?tbm=isch&q=Vatic+Pro+Prism+Bloom+16mm+pickleball+paddle+product+photo,https://pickleballstudio.com/best/best-control-paddles,Specs from Pickleball Studio control list; trait scores normalized.
Vatic Pro Prism Flash 16mm,99.99,control|budget|spin,beginner|intermediate,8.0,5.4,16,6,9,8,8,Very popular budget control paddle that is friendly for new and intermediate players.,https://placehold.co/600x400/png?text=Vatic+Pro+Prism+Flash+16mm,https://www.google.com/search?tbm=shop&q=Vatic+Pro+Prism+Flash+16mm+pickleball+paddle+buy,https://www.google.com/search?tbm=isch&q=Vatic+Pro+Prism+Flash+16mm+pickleball+paddle+product+photo,https://pickleballstudio.com/best/best-control-paddles,Specs from Pickleball Studio control list; trait scores normalized.
Vatic Pro Prism Flash 16mm LH,99.99,control|budget|singles,beginner|intermediate,8.17,5.4,16,6,9,8,8,Longer-feeling control option for players who like the Prism Flash but want more leverage.,https://placehold.co/600x400/png?text=Vatic+Pro+Prism+Flash+16mm+LH,https://www.google.com/search?tbm=shop&q=Vatic+Pro+Prism+Flash+16mm+LH+pickleball+paddle+buy,https://www.google.com/search?tbm=isch&q=Vatic+Pro+Prism+Flash+16mm+LH+pickleball+paddle+product+photo,https://pickleballstudio.com/best/best-control-paddles,Specs from Pickleball Studio control list; trait scores normalized.
Vatic Pro Prism v7 16mm,99.99,control|budget|singles,beginner|intermediate,8.1,5.4,16,6,9,8,8,"Elongated control paddle with reach, spin, and a softer power profile.",https://placehold.co/600x400/png?text=Vatic+Pro+Prism+v7+16mm,https://www.google.com/search?tbm=shop&q=Vatic+Pro+Prism+v7+16mm+pickleball+paddle+buy,https://www.google.com/search?tbm=isch&q=Vatic+Pro+Prism+v7+16mm+pickleball+paddle+product+photo,https://pickleballstudio.com/best/best-control-paddles,Specs from Pickleball Studio control list; trait scores normalized.
Vatic Pro Saga Long Handle,99.99,power|budget|singles,intermediate|advanced,8.05,5.6,16,8,7,8,8,Budget power/all-court paddle with long handle appeal.,https://placehold.co/600x400/png?text=Vatic+Pro+Saga+Long+Handle,https://www.google.com/search?tbm=shop&q=Vatic+Pro+Saga+Long+Handle+pickleball+paddle+buy,https://www.google.com/search?tbm=isch&q=Vatic+Pro+Saga+Long+Handle+pickleball+paddle+product+photo,https://pickleball.com/learn/best-pickleball-paddles-2026-choosing-the-right-one-for-you,"Included as budget power paddle; specs approximate, scores normalized."
11SIX24 Jelly Bean Pegasus 16mm,99.99,control|budget|doubles,beginner|intermediate,8.24,5.75,16,6,9,8,10,Beginner-friendly widebody control paddle with a big sweet spot.,https://placehold.co/600x400/png?text=11SIX24+Jelly+Bean+Pegasus+16mm,https://www.google.com/search?tbm=shop&q=11SIX24+Jelly+Bean+Pegasus+16mm+pickleball+paddle+buy,https://www.google.com/search?tbm=isch&q=11SIX24+Jelly+Bean+Pegasus+16mm+pickleball+paddle+product+photo,https://pickleballstudio.com/best/best-control-paddles,Specs from Pickleball Studio control list; also beginner-friendly in Pickleheads guide.
11SIX24 Jelly Bean Vapor 16mm,99.99,control|budget|doubles,beginner|intermediate,8.02,5.75,16,7,8,8,8,Hybrid control paddle with a bit more pop than pillow-soft control paddles.,https://placehold.co/600x400/png?text=11SIX24+Jelly+Bean+Vapor+16mm,https://www.google.com/search?tbm=shop&q=11SIX24+Jelly+Bean+Vapor+16mm+pickleball+paddle+buy,https://www.google.com/search?tbm=isch&q=11SIX24+Jelly+Bean+Vapor+16mm+pickleball+paddle+product+photo,https://pickleballstudio.com/best/best-control-paddles,Specs from Pickleball Studio control list; trait scores normalized.
11SIX24 Jelly Bean Hurache-X 16mm,99.99,control|budget|singles,beginner|intermediate,7.93,6.0,16,7,8,8,8,Elongated budget control paddle with a 6 inch handle.,https://placehold.co/600x400/png?text=11SIX24+Jelly+Bean+Hurache-X+16mm,https://www.google.com/search?tbm=shop&q=11SIX24+Jelly+Bean+Hurache-X+16mm+pickleball+paddle+buy,https://www.google.com/search?tbm=isch&q=11SIX24+Jelly+Bean+Hurache-X+16mm+pickleball+paddle+product+photo,https://pickleballstudio.com/best/best-control-paddles,Specs from Pickleball Studio control list; trait scores normalized.
11SIX24 Pegasus Power2,209.99,power|doubles|spin,intermediate|advanced,8.0,5.5,16,9,7,9,9,"Widebody power paddle with high stability, high spin, and fast hands.",https://placehold.co/600x400/png?text=11SIX24+Pegasus+Power2,https://www.google.com/search?tbm=shop&q=11SIX24+Pegasus+Power2+pickleball+paddle+buy,https://www.google.com/search?tbm=isch&q=11SIX24+Pegasus+Power2+pickleball+paddle+product+photo,https://pickleballstudio.com/best/best-power-pickleball-paddles,Specs from Pickleball Studio power list; trait scores normalized.
11SIX24 Vapor Power2,209.99,power|all-court|spin,intermediate|advanced,7.97,5.5,16,9,7,9,8,Hybrid power paddle with strong spin and durable power-paddle appeal.,https://placehold.co/600x400/png?text=11SIX24+Vapor+Power2,https://www.google.com/search?tbm=shop&q=11SIX24+Vapor+Power2+pickleball+paddle+buy,https://www.google.com/search?tbm=isch&q=11SIX24+Vapor+Power2+pickleball+paddle+product+photo,https://pickleballstudio.com/best/best-power-pickleball-paddles,Specs from Pickleball Studio power list; trait scores normalized.
11SIX24 Hurache-X Power2,209.99,power|singles|spin,intermediate|advanced,8.02,5.75,16,9,7,8,7,"Elongated power paddle for reach, drives, and aggressive players.",https://placehold.co/600x400/png?text=11SIX24+Hurache-X+Power2,https://www.google.com/search?tbm=shop&q=11SIX24+Hurache-X+Power2+pickleball+paddle+buy,https://www.google.com/search?tbm=isch&q=11SIX24+Hurache-X+Power2+pickleball+paddle+product+photo,https://pickleballstudio.com/best/best-power-pickleball-paddles,Specs from Pickleball Studio power list; trait scores normalized.
Bread & Butter Loco Hybrid,199.0,power|all-court|spin,intermediate|advanced,7.93,5.3,16,9,8,9,8,Power/all-court hybrid with high spin and good maneuverability.,https://placehold.co/600x400/png?text=Bread+%26+Butter+Loco+Hybrid,https://www.google.com/search?tbm=shop&q=Bread+%26+Butter+Loco+Hybrid+pickleball+paddle+buy,https://www.google.com/search?tbm=isch&q=Bread+%26+Butter+Loco+Hybrid+pickleball+paddle+product+photo,https://pickleballstudio.com/best/best-power-pickleball-paddles,Specs from Pickleball Studio power list; trait scores normalized.
Bread & Butter Loco Elongated,199.0,power|singles|spin,intermediate|advanced,8.11,5.5,16,9,7,9,7,"Elongated Loco for more reach and power, with high spin.",https://placehold.co/600x400/png?text=Bread+%26+Butter+Loco+Elongated,https://www.google.com/search?tbm=shop&q=Bread+%26+Butter+Loco+Elongated+pickleball+paddle+buy,https://www.google.com/search?tbm=isch&q=Bread+%26+Butter+Loco+Elongated+pickleball+paddle+product+photo,https://pickleballstudio.com/best/best-power-pickleball-paddles,Specs from Pickleball Studio power list; trait scores normalized.
Spartus P1 Hybrid,219.0,power|all-court|spin,intermediate|advanced,8.12,5.3,16,9,7,8,8,Power-leaning hybrid with above-average stability and modern face tech.,https://placehold.co/600x400/png?text=Spartus+P1+Hybrid,https://www.google.com/search?tbm=shop&q=Spartus+P1+Hybrid+pickleball+paddle+buy,https://www.google.com/search?tbm=isch&q=Spartus+P1+Hybrid+pickleball+paddle+product+photo,https://pickleballstudio.com/best/best-power-pickleball-paddles,Specs from Pickleball Studio power list; trait scores normalized.
Enhance EPP Turbo Elongated,119.99,power|budget|singles,intermediate|advanced,8.01,5.7,16,9,6,8,7,Budget-friendly elongated foam power paddle with long handle.,https://placehold.co/600x400/png?text=Enhance+EPP+Turbo+Elongated,https://www.google.com/search?tbm=shop&q=Enhance+EPP+Turbo+Elongated+pickleball+paddle+buy,https://www.google.com/search?tbm=isch&q=Enhance+EPP+Turbo+Elongated+pickleball+paddle+product+photo,https://pickleballstudio.com/best/best-power-pickleball-paddles,Specs from Pickleball Studio power list; trait scores normalized.
Enhance EPP Turbo Hybrid,119.99,power|budget|all-court,intermediate|advanced,8.02,5.9,16,9,7,8,8,Affordable hybrid foam power paddle with strong stability.,https://placehold.co/600x400/png?text=Enhance+EPP+Turbo+Hybrid,https://www.google.com/search?tbm=shop&q=Enhance+EPP+Turbo+Hybrid+pickleball+paddle+buy,https://www.google.com/search?tbm=isch&q=Enhance+EPP+Turbo+Hybrid+pickleball+paddle+product+photo,https://pickleballstudio.com/best/best-power-pickleball-paddles,Specs from Pickleball Studio power list; trait scores normalized.
Enhance EPP Turbo Widebody,119.99,power|budget|doubles,beginner|intermediate|advanced,8.07,5.3,16,8,7,8,10,Fast widebody power option with high forgiveness for its category.,https://placehold.co/600x400/png?text=Enhance+EPP+Turbo+Widebody,https://www.google.com/search?tbm=shop&q=Enhance+EPP+Turbo+Widebody+pickleball+paddle+buy,https://www.google.com/search?tbm=isch&q=Enhance+EPP+Turbo+Widebody+pickleball+paddle+product+photo,https://pickleballstudio.com/best/best-power-pickleball-paddles,Specs from Pickleball Studio power list; trait scores normalized.
Enhance MPP Turbo Elongated,119.99,power|budget|singles,intermediate|advanced,8.06,5.5,16,9,6,8,7,Budget power paddle with elongated reach and above-average spin.,https://placehold.co/600x400/png?text=Enhance+MPP+Turbo+Elongated,https://www.google.com/search?tbm=shop&q=Enhance+MPP+Turbo+Elongated+pickleball+paddle+buy,https://www.google.com/search?tbm=isch&q=Enhance+MPP+Turbo+Elongated+pickleball+paddle+product+photo,https://pickleballstudio.com/best/best-power-pickleball-paddles,Specs from Pickleball Studio power list; trait scores normalized.
RPM Q2 16mm Elongated,249.99,power|singles|spin,advanced,7.8,5.5,16,9,7,9,6,Elongated power/spin paddle for advanced players who can control a smaller sweet spot.,https://placehold.co/600x400/png?text=RPM+Q2+16mm+Elongated,https://www.google.com/search?tbm=shop&q=RPM+Q2+16mm+Elongated+pickleball+paddle+buy,https://www.google.com/search?tbm=isch&q=RPM+Q2+16mm+Elongated+pickleball+paddle+product+photo,https://pickleballstudio.com/best/best-power-pickleball-paddles,Specs from Pickleball Studio power list; trait scores normalized.
RPM Q2 16mm Widebody,249.99,power|doubles|spin,intermediate|advanced,7.83,5.5,16,8,7,8,9,Widebody power option with better forgiveness and fast hands.,https://placehold.co/600x400/png?text=RPM+Q2+16mm+Widebody,https://www.google.com/search?tbm=shop&q=RPM+Q2+16mm+Widebody+pickleball+paddle+buy,https://www.google.com/search?tbm=isch&q=RPM+Q2+16mm+Widebody+pickleball+paddle+product+photo,https://pickleballstudio.com/best/best-power-pickleball-paddles,Specs from Pickleball Studio power list; trait scores normalized.
RPM Q2 14mm Elongated,249.99,power|singles|spin,advanced,7.7,5.5,14,10,6,9,6,"Thinner elongated version for extra pop, speed, and spin.",https://placehold.co/600x400/png?text=RPM+Q2+14mm+Elongated,https://www.google.com/search?tbm=shop&q=RPM+Q2+14mm+Elongated+pickleball+paddle+buy,https://www.google.com/search?tbm=isch&q=RPM+Q2+14mm+Elongated+pickleball+paddle+product+photo,https://pickleballstudio.com/best/best-power-pickleball-paddles,Specs from Pickleball Studio power list; trait scores normalized.
RPM Q2 14mm Widebody,249.99,power|doubles|spin,intermediate|advanced,7.69,5.5,14,9,6,9,9,Fast widebody 14mm power paddle with high spin and good forgiveness.,https://placehold.co/600x400/png?text=RPM+Q2+14mm+Widebody,https://www.google.com/search?tbm=shop&q=RPM+Q2+14mm+Widebody+pickleball+paddle+buy,https://www.google.com/search?tbm=isch&q=RPM+Q2+14mm+Widebody+pickleball+paddle+product+photo,https://pickleballstudio.com/best/best-power-pickleball-paddles,Specs from Pickleball Studio power list; trait scores normalized.
Franklin C45 Series 16mm,229.99,all-court|spin|control,intermediate|advanced,7.9,5.6,16,8,8,9,8,"Crisp, lively, tunable all-court paddle with multiple shape/thickness options.",https://placehold.co/600x400/png?text=Franklin+C45+Series+16mm,https://www.google.com/search?tbm=shop&q=Franklin+C45+Series+16mm+pickleball+paddle+buy,https://www.google.com/search?tbm=isch&q=Franklin+C45+Series+16mm+pickleball+paddle+product+photo,https://pickleballeffect.com/hot-list/,"Included in Pickleball Effect 2026 all-court list; specs approximate, scores normalized."
Franklin Aurelius 16mm,229.0,control|doubles|spin,intermediate|advanced,7.7,5.6,16,7,9,8,7,Very light control paddle that benefits from added weight for stability.,https://placehold.co/600x400/png?text=Franklin+Aurelius+16mm,https://www.google.com/search?tbm=shop&q=Franklin+Aurelius+16mm+pickleball+paddle+buy,https://www.google.com/search?tbm=isch&q=Franklin+Aurelius+16mm+pickleball+paddle+product+photo,https://pickleballstudio.com/best/best-control-paddles,"From Pickleball Studio control list; specs approximate from source discussion, scores normalized."
Franklin C45 Tempo 16mm,229.99,control|doubles|all-court,intermediate|advanced,7.9,5.5,16,7,9,8,8,"Patient control/all-court paddle for resets, drops, and transition-zone consistency.",https://placehold.co/600x400/png?text=Franklin+C45+Tempo+16mm,https://www.google.com/search?tbm=shop&q=Franklin+C45+Tempo+16mm+pickleball+paddle+buy,https://www.google.com/search?tbm=isch&q=Franklin+C45+Tempo+16mm+pickleball+paddle+product+photo,https://thekitchenpickle.com/blogs/gear/best-control-pickleball-paddles/,"Included in 2026 control paddle discussion; specs approximate, scores normalized."
Selkirk LABS Project Boomstik Elongated 16mm,333.0,power|singles|spin,advanced,8.1,5.6,16,10,6,9,9,Hyped foam-core power paddle with explosive power and a forgiving sweet spot.,https://placehold.co/600x400/png?text=Selkirk+LABS+Project+Boomstik+Elongated+16mm,https://www.google.com/search?tbm=shop&q=Selkirk+LABS+Project+Boomstik+Elongated+16mm+pickleball+paddle+buy,https://www.google.com/search?tbm=isch&q=Selkirk+LABS+Project+Boomstik+Elongated+16mm+pickleball+paddle+product+photo,https://pickleball.com/learn/best-pickleball-paddles-2026-choosing-the-right-one-for-you,"Included as discussed/hyped foam-core paddle; specs approximate, scores normalized."
Selkirk LUXX Control Air Invikta,249.99,control|doubles|spin,beginner|intermediate|advanced,8.1,5.35,19,6,10,9,9,"Control-first paddle for soft game, resets, dinks, and placement.",https://placehold.co/600x400/png?text=Selkirk+LUXX+Control+Air+Invikta,https://www.google.com/search?tbm=shop&q=Selkirk+LUXX+Control+Air+Invikta+pickleball+paddle+buy,https://www.google.com/search?tbm=isch&q=Selkirk+LUXX+Control+Air+Invikta+pickleball+paddle+product+photo,https://www.pickleheads.com/pickleball-gear/pickleball-paddles,"Popular control paddle; specs approximate, scores normalized."
Selkirk Omni Widebody 16mm,250.0,all-court|control|doubles,beginner|intermediate|advanced,8.0,5.25,16,8,9,8,10,Widebody high-forgiveness paddle mentioned among top tested 2026 paddles.,https://placehold.co/600x400/png?text=Selkirk+Omni+Widebody+16mm,https://www.google.com/search?tbm=shop&q=Selkirk+Omni+Widebody+16mm+pickleball+paddle+buy,https://www.google.com/search?tbm=isch&q=Selkirk+Omni+Widebody+16mm+pickleball+paddle+product+photo,https://www.mattspickleball.com/best-pickleball-paddles,"Listed in 2026 tested-picks search result; specs approximate, scores normalized."
Selkirk Omni 16mm,250.0,all-court|control|spin,intermediate|advanced,8.0,5.5,16,8,9,8,9,All-court Selkirk option mentioned among top tested 2026 paddles.,https://placehold.co/600x400/png?text=Selkirk+Omni+16mm,https://www.google.com/search?tbm=shop&q=Selkirk+Omni+16mm+pickleball+paddle+buy,https://www.google.com/search?tbm=isch&q=Selkirk+Omni+16mm+pickleball+paddle+product+photo,https://www.mattspickleball.com/best-pickleball-paddles,"Listed in 2026 tested-picks search result; specs approximate, scores normalized."
JOOLA Pro V Perseus 16mm,299.95,power|all-court|spin,intermediate|advanced,8.1,5.5,16,9,9,10,9,"Premium all-court power paddle with strong power, control, spin, and forgiveness.",https://placehold.co/600x400/png?text=JOOLA+Pro+V+Perseus+16mm,https://www.google.com/search?tbm=shop&q=JOOLA+Pro+V+Perseus+16mm+pickleball+paddle+buy,https://www.google.com/search?tbm=isch&q=JOOLA+Pro+V+Perseus+16mm+pickleball+paddle+product+photo,https://www.pickleheads.com/pickleball-gear/pickleball-paddles,"Pickleheads lists JOOLA Pro V with 9/10 power, 9/10 control, 10/10 spin, 9/10 forgiveness."
JOOLA Ben Johns Perseus Pro IV 16mm,279.95,power|spin|singles,intermediate|advanced,8.1,5.5,16,9,7,9,7,Aggressive pro-style paddle for players who want power and spin.,https://placehold.co/600x400/png?text=JOOLA+Ben+Johns+Perseus+Pro+IV+16mm,https://www.google.com/search?tbm=shop&q=JOOLA+Ben+Johns+Perseus+Pro+IV+16mm+pickleball+paddle+buy,https://www.google.com/search?tbm=isch&q=JOOLA+Ben+Johns+Perseus+Pro+IV+16mm+pickleball+paddle+product+photo,https://pickleballstudio.com/best/best-power-pickleball-paddles,"JOOLA Pro IV appears in 2026 power lists; specs approximate, scores normalized."
CRBN TruFoam Barrage,279.99,power|all-court|spin,intermediate|advanced,8.1,5.5,14,9,8,10,9,"Foam-core paddle with big spin, power, dwell time, and a large sweet spot.",https://placehold.co/600x400/png?text=CRBN+TruFoam+Barrage,https://www.google.com/search?tbm=shop&q=CRBN+TruFoam+Barrage+pickleball+paddle+buy,https://www.google.com/search?tbm=isch&q=CRBN+TruFoam+Barrage+pickleball+paddle+product+photo,https://pickleball.com/learn/best-pickleball-paddles-2026-choosing-the-right-one-for-you,"Included as foam-core power paddle; specs approximate, scores normalized."
CRBN TruFoam Genesis Elongated,279.99,all-court|control|spin,intermediate|advanced,8.1,5.5,14,8,9,9,8,Premium foam-core all-court paddle with balanced power and control.,https://placehold.co/600x400/png?text=CRBN+TruFoam+Genesis+Elongated,https://www.google.com/search?tbm=shop&q=CRBN+TruFoam+Genesis+Elongated+pickleball+paddle+buy,https://www.google.com/search?tbm=isch&q=CRBN+TruFoam+Genesis+Elongated+pickleball+paddle+product+photo,https://www.pickleheads.com/pickleball-gear/pickleball-paddles,"CRBN TruFoam line appears in current best-paddle lists; specs approximate, scores normalized."
Friday Aura Pro Hybrid,169.0,control|doubles|spin,beginner|intermediate,7.8,5.5,16,7,9,9,9,"Lightweight control paddle with quick hands, spin, maneuverability, and forgiveness.",https://placehold.co/600x400/png?text=Friday+Aura+Pro+Hybrid,https://www.google.com/search?tbm=shop&q=Friday+Aura+Pro+Hybrid+pickleball+paddle+buy,https://www.google.com/search?tbm=isch&q=Friday+Aura+Pro+Hybrid+pickleball+paddle+product+photo,https://pickleball.com/learn/best-pickleball-paddles-2026-choosing-the-right-one-for-you,"Included as lightweight control paddle; specs approximate, scores normalized."
Luzz Pro 4 Inferno,229.0,all-court|power|spin,intermediate|advanced,8.0,5.5,16,9,8,9,9,"Fast-rising foam-core paddle with fast hands, spin, sweet spot, and balanced offense/control.",https://placehold.co/600x400/png?text=Luzz+Pro+4+Inferno,https://www.google.com/search?tbm=shop&q=Luzz+Pro+4+Inferno+pickleball+paddle+buy,https://www.google.com/search?tbm=isch&q=Luzz+Pro+4+Inferno+pickleball+paddle+product+photo,https://pickleball.com/learn/best-pickleball-paddles-2026-choosing-the-right-one-for-you,"Included as fastest-rising paddle; specs approximate, scores normalized."
Gearbox GX2 Hybrid 16mm,279.99,power|all-court|spin,intermediate|advanced,8.0,5.5,16,9,8,8,8,Power-focused carbon-rib core paddle with modern Gearbox engineering.,https://placehold.co/600x400/png?text=Gearbox+GX2+Hybrid+16mm,https://www.google.com/search?tbm=shop&q=Gearbox+GX2+Hybrid+16mm+pickleball+paddle+buy,https://www.google.com/search?tbm=isch&q=Gearbox+GX2+Hybrid+16mm+pickleball+paddle+product+photo,https://pickleball.com/learn/best-pickleball-paddles-2026-choosing-the-right-one-for-you,"Included in current market paddles worth mentioning; specs approximate, scores normalized."
Engage Pursuit X2 Elongated 16mm,259.99,all-court|control|singles,intermediate|advanced,8.0,5.75,16,8,8,8,8,Arm-friendly all-court paddle with controlled power and dwell time.,https://placehold.co/600x400/png?text=Engage+Pursuit+X2+Elongated+16mm,https://www.google.com/search?tbm=shop&q=Engage+Pursuit+X2+Elongated+16mm+pickleball+paddle+buy,https://www.google.com/search?tbm=isch&q=Engage+Pursuit+X2+Elongated+16mm+pickleball+paddle+product+photo,https://pickleball.com/learn/best-pickleball-paddles-2026-choosing-the-right-one-for-you,"Included in current market paddles worth mentioning; specs approximate, scores normalized."
